text,coarse_label,fine_label,label,source_line
what country did king wenceslas rule ?,LOC,country,4,87
which ventura county police department seized the largest cocaine shipment in it 's history ?,HUM,gr,3,193
how many john deere tractors have been manufactured ?,NUM,count,5,5419
what is the nickname of the cleveland indians ?,ENTY,termeq,2,3740
what ocean was amelia earhart flying over when she disappeared ?,LOC,other,4,2144
how many colonies did germany get to keep after world war i ?,NUM,count,5,3324
what is the most common cancer ?,ENTY,dismed,2,4994
what u.s. city is the queen of the pacific ?,LOC,city,4,489
what is moxie ?,DESC,def,1,1785
what organization has a security council ?,HUM,gr,3,1714
rotary engines were manufactured by which company ?,HUM,gr,3,3764
how long ago did the anglican church part from the vatican ?,NUM,period,5,5048
how do you dunk ?,DESC,manner,1,4287
who loved flash gordon besides dale ?,HUM,ind,3,4913
what 's the fahrenheit equivalent of zero degrees centigrade ?,NUM,temp,5,4786
how many meters are in a mile ?,NUM,count,5,1838
how many members of a family could be drafted in the u.s. military during world war ii ?,NUM,count,5,4961
what is the secret of the universe ?,DESC,desc,1,1923
who invented the radio ?,HUM,ind,3,347
what part of their attire were `` pothooks '' to cowboys of the old west ?,ENTY,other,2,1756
what does freddy freeman say to become captain marvel jr. ?,DESC,desc,1,3059
what african country was founded by freed american slaves in 1847 ?,LOC,country,4,2168
who killed jfk ?,HUM,ind,3,5243
what time of year is air travel the heaviest ?,NUM,date,5,3677
what are the capital cities of the two large countries that occupy the iberian peninsula in europe ?,LOC,city,4,4368
what is the lost colony ?,DESC,def,1,2606
what is the largest snake in the world ?,ENTY,animal,2,115
where are the haversian canals ?,LOC,other,4,3915
who replaced bert parks as the host of the miss america pageant ?,HUM,ind,3,958
who was the first woman in space ?,HUM,ind,3,4242
what 's the term for any four-sided figure ?,ENTY,termeq,2,1247
name dondi 's adoptive grandfather .,HUM,ind,3,3319
what two major world religions began in india ?,ENTY,religion,2,3490
what nobel laureate was expelled from the philippines before the conference on east timor ?,HUM,ind,3,1268
what does the term 3 mean to a newspaper editor ?,DESC,def,1,3056
what qualifications are there for individuals donating blood ?,DESC,desc,1,4073
why is chicago named chicago ?,DESC,reason,1,4834
when was the congress of vienna ?,NUM,date,5,3320
how does one correctly pronounce ` qigong ' ?,DESC,manner,1,1864
who created the monster in mary shelley 's novel frankenstein ?,HUM,ind,3,3010
the major league baseball team in pittsburgh is called what ?,HUM,gr,3,1927
where do i find information for foreclosure properties on the internet ?,LOC,other,4,2925
"what actor , who had greatest fame on tv , became the father of triplets ?",HUM,ind,3,4488
what happens when lightning strikes a body of water ?,DESC,desc,1,2146
how many points is a disk in the center hole worth in crokinole ?,NUM,count,5,3592
when was florida admitted into the union ?,NUM,date,5,3997
where can one find mozambique ?,LOC,other,4,1691
how many times has harold stassen announced a drive for the white house ?,NUM,count,5,5030
what company is the largest japanese ship builder ?,HUM,gr,3,4963
where did he get the title ?,LOC,other,4,1844
what is he doing now ?,DESC,desc,1,3026
what are the three secondary colors ?,ENTY,color,2,1586
what state did anita bryant represent in the 1959 miss america contest ?,LOC,state,4,5394
which bloom county resident wreaks havoc with a computer ?,HUM,ind,3,329
what is narcolepsy ?,DESC,def,1,2335
what state 's home to the buffalo bill historical center ?,LOC,state,4,1492
what are amicable numbers ?,DESC,def,1,1298
when was the slinky invented ?,NUM,date,5,1128
who was the 15th century fire-and-brimstone monk who gained control of florence but ended burnt at the stake ?,HUM,ind,3,2954
what lake is the source of the white nile ?,LOC,other,4,2652
who was maria theresa ?,HUM,desc,3,5154
what is the world 's best selling cookie ?,ENTY,food,2,5175
who was the first president to appoint a woman to head a cabinet ?,HUM,ind,3,3270
who banned peter rose from baseball for betting on games ?,HUM,ind,3,891
what colorful sea 's region does greek legend say the amazons lived near ?,LOC,other,4,5371
what does melissa mean ?,DESC,def,1,4624
who were the four famous founders of united artists ?,HUM,ind,3,696
what does 7847+5943 equal ?,NUM,other,5,2411
what erica jong novel deals with isadora wing 's fear ?,ENTY,cremat,2,2819
what is tyvek ?,DESC,def,1,4914
what 's the geographic term for the submerged fringe of a continent ?,ENTY,termeq,2,3385
what are some colorful flowers that will bloom in the fall in new england ?,ENTY,plant,2,4089
"what makes black hills , south dakota a tourist attraction ?",DESC,reason,1,3742
what is a fear of failure ?,ENTY,dismed,2,5044
what 's the traditional drink at the kentucky derby ?,ENTY,food,2,5137
what is the fear of the computer called ?,ENTY,dismed,2,3260
how many names are there for eskimo people ?,NUM,count,5,5212
how many of every 10 members of the rodeo cowboys association have never worked a ranch ?,NUM,count,5,2608
where is the mayo clinic ?,LOC,other,4,1867
"in what sport are these following numbers relevant : 118 , 126 , 134 , 142 , 15 , 158 , 167 , 177 , and 19 ?",ENTY,sport,2,695
what u.s. state boasts leif ericson park ?,LOC,state,4,4461
how much money are dumbo 's ears insured for ?,NUM,money,5,431
what constellation is known as the water bearer ?,LOC,other,4,2421
what is the fastest fish in the world ?,ENTY,animal,2,1975
who is malaysia 's 43rd prime minister ?,HUM,ind,3,3732
what 's the olympic motto ?,DESC,desc,1,24
how many american actors were nominated for the best actor oscar for 1983 ?,NUM,count,5,4154
what time of day did emperor hirohito die ?,NUM,date,5,396
what tv series changed the names to protect the innocent ?,ENTY,cremat,2,1898
who directed the wild bunch ?,HUM,ind,3,2011
what is a devo hat ?,DESC,def,1,1744
what is an annotated bibliography ?,DESC,def,1,20
how many people hike ?,NUM,count,5,4681
where is the group m people from ?,LOC,other,4,5296
what is the name of the firm that makes spumante ?,HUM,gr,3,1477
on what date did rosa parks become a symbol of the civil rights movement for refusing to give up her seat on the bus ?,NUM,date,5,2080
name the tree growing company .,HUM,gr,3,3774
what 's the supreme policy-making bureau of the soviet communist party ?,HUM,gr,3,2861
who played sally rogers on the dick van dyke show ?,HUM,ind,3,3040
where is procter & gamble based in the u.s. ?,LOC,other,4,577
madonna hocks which soft drink ?,ENTY,food,2,2700
how did p.t. barnum bill the diminutive charles s. stratton ?,DESC,manner,1,4180
what are three ways in which wind is created on the earth ?,ENTY,techmeth,2,4920
"what 's the name of the star of the cooking show , `` galloping gourmet '' ?",HUM,ind,3,4755
"what product is for kids , and not for silly rabbits ?",ENTY,product,2,2660
who 's the twin brother of the greek goddess artemis ?,HUM,ind,3,1070
what made jane goodall famous ?,DESC,reason,1,2993
who invented the process to make condensed milk ?,HUM,ind,3,4099
name the blind sculptress in love with the fantastic four 's thing .,HUM,ind,3,1318
where can i buy movies on videotape online ?,LOC,other,4,343
what is nitrox diving ?,DESC,def,1,1816
how many states did richard nixon carry in 1972 ?,NUM,count,5,1581
how many gallons of water go over niagra falls every second ?,NUM,count,5,4372
what are field effect transistors ?,DESC,def,1,4829
how long do you have to pay back debt after claiming chapter 11 bankruptcy ?,NUM,period,5,5361
how many people in the world speak french ?,NUM,count,5,43
who is the greek god of the sea ?,HUM,ind,3,2087
what is the chemical reactivity of neon ?,NUM,other,5,4253
where can i get u.s. economic statistics ?,LOC,other,4,2053
what year did charles dicken die ?,NUM,date,5,4527
what are the baltic states ?,DESC,def,1,4561
where can i find information about touring the philippines ?,LOC,other,4,1213
who are the two sons of ozzie and harriet nelson ?,HUM,ind,3,276
who played the title role in i was a teenage werewolf ?,HUM,ind,3,1208
what is home banking ?,DESC,def,1,3237
where is burma ?,LOC,other,4,4967
who wrote unsafe at any speed ?,HUM,ind,3,3256
"how much would a black-and-white 1-cent stamp be worth , thomas jefferson on it ?",NUM,money,5,3860
"name the designer of the shoe that spawned millions of plastic imitations , known as ` jellies ' .",HUM,ind,3,4599
what is the name of david letterman 's dog ?,ENTY,animal,2,3359
what does u.s.s.r. stand for ?,ABBR,exp,0,1661
how many eyes does a bat have ?,NUM,count,5,4266
how do i do this ?,DESC,manner,1,4750
who created harry lime ?,HUM,ind,3,4120
how long does it take the milky way galaxy to make one revolution ?,NUM,period,5,4427
where is romania located ?,LOC,other,4,2619
who was the first holy roman emperor ?,HUM,ind,3,638
how many hearts does an octopus have ?,NUM,count,5,591
when did the berlin wall go up ?,NUM,date,5,255
what is the capital of uruguay ?,LOC,city,4,4054
what appointments secretary to richard nixon went to jail ?,HUM,ind,3,4004
what tv talk-show host lends his name to a line of men 's clothing ?,HUM,ind,3,5094
what is the origin of blue for boys and pink for girls ?,DESC,desc,1,1183
what currency is used in australia ?,ENTY,currency,2,5452
how many engines does a boeing 737 have ?,NUM,count,5,1041
what personality traits are capricorns said to have ?,DESC,desc,1,4791
what was her real name ?,HUM,ind,3,582
what are the shortest and the longest songs ever produced ?,ENTY,cremat,2,716
"what las vegas hotel burned in november , 1980 , with the loss of 84 lives ?",LOC,other,4,260
what professional sports league originated the college draft ?,HUM,gr,3,4244
who directed citizen kane ?,HUM,ind,3,2689
what is the starting salary of a radiographer ?,NUM,money,5,4138
how long did shea and gould practice law in los angeles ?,NUM,period,5,2990
who was the first x-man to die in battle ?,HUM,ind,3,4476
what bottled-up tv character was born in baghdad ?,HUM,ind,3,2542
where is melbourne ?,LOC,other,4,3033
"who created billy pilgrim , a survivor of the dresden firestorm ?",HUM,ind,3,4806
what is the average cost for four years of medical school ?,NUM,money,5,2908
which latin american country is the largest ?,LOC,country,4,2928
what is the oldest website on the internet ?,LOC,other,4,887
how long should a person wash their hands before they are clean ?,NUM,period,5,674
where did the saying `` rule of thumb '' come from ?,DESC,desc,1,3215
how can your school march in the macy 's thanksgiving parade ?,DESC,manner,1,823
name the two actress daughters of john mills .,HUM,ind,3,2996
what is the celtic symbol for `` life '' ?,ENTY,symbol,2,4281
what american league baseball team 's worst finish between 1926 and 1964 was fourth ?,HUM,gr,3,868
what university football team did o.j. simpson take to the rose bowl ?,HUM,gr,3,3959
what lake is sheboygan on ?,LOC,other,4,1625
what kind of rocket launched the surveyor spacecraft ?,ENTY,veh,2,4522
how do you get to the top of the eiffel tower ?,DESC,manner,1,294
what country was erich honecker the leader of ?,LOC,country,4,3128
what is shalom ?,DESC,def,1,1077
how did the great depression affect japan 's history ?,DESC,manner,1,3108
what has been the most common christian name of u.s. presidents ?,HUM,ind,3,5426
what is the islamic equivalent of the red cross ?,ENTY,termeq,2,5278
who was the charlie perfume woman ?,HUM,ind,3,999
who was the oldest u.s. president ?,HUM,ind,3,4874
what city does mccarren airport serve ?,LOC,city,4,3651
what is pandoro ?,DESC,def,1,1279
what is garry kasparov famous for ?,DESC,reason,1,2085
where can i find information on becoming a journalist ?,LOC,other,4,5444
where did luther display his `` ninety-five theses '' ?,LOC,other,4,2235
what is the airport code for los angeles international ?,NUM,code,5,4260
who released the internet worm in the late 1980s ?,HUM,ind,3,4005
what is george lucas 's e-mail address ?,LOC,other,4,1900
what book did aaron hass write ?,ENTY,cremat,2,1524
what 's a `` drinker respirator '' better known as ?,ENTY,termeq,2,1018
how many logarithmic scales are there on a slide rule ?,NUM,count,5,3973
what city 's the kickoff point for climbs of mount everest ?,LOC,city,4,4548
what rabbit got its name because its ears resembled those of a jackass ?,ENTY,animal,2,3654
what do manatees eat ?,ENTY,food,2,834
what are the words to the canadian national anthem ?,DESC,desc,1,1376
how many quarters equal a pound ?,NUM,count,5,663
what d.h. lawrence novel was originally titled tenderness ?,ENTY,cremat,2,4528
what caribbean island is northeast of trinidad ?,LOC,other,4,2295
approximately how many students are enrolled at the university of massachusetts ?,NUM,count,5,2312
what is the most radioactive food ?,ENTY,food,2,4402
what california governor said : `` inaction may be the highest form of action '' ?,HUM,ind,3,3852
what nevil shute novel is about the doomed survivors of a nuclear war ?,ENTY,cremat,2,4739
name a female figure skater .,HUM,ind,3,2903
who is stephen hawking ?,HUM,desc,3,2500
who murdered leno and rosemary labianca on august 1,HUM,ind,3,976
what does camera-ready art mean ?,DESC,def,1,2815
how many milliseconds in a second ?,NUM,count,5,1562
who is peter weir ?,HUM,desc,3,3611
what room did w.c. fields keep his library in ?,LOC,other,4,4022
what is the order of the arrow in boy scouts ?,DESC,def,1,5245
what attracts tourists to reims ?,LOC,other,4,572
what are some good medical sites for information ?,LOC,other,4,3515
who portrayed vincent van gogh in lust for life ?,HUM,ind,3,1888
who is the queen of holland ?,HUM,ind,3,2397
"what was the name of the first watergate special prosecutor , later fired by nixon ?",HUM,ind,3,2858
what two commanders directed the forces in the battle of el alamein ?,HUM,ind,3,1470
who is desmond tutu ?,HUM,desc,3,660
why do they call a hamburger a hamburger when there is no ham ?,DESC,reason,1,4330
how many thousands of students attend the university of massachusetts ?,NUM,count,5,4843
"which u.s. president is buried in washington , d.c. ?",HUM,ind,3,3574
who is the richest woman in the world ?,HUM,ind,3,4809
who asked the musical question : `` have you ever been to electric lady land ? '',HUM,ind,3,2563
what are the two cities in dicken 's `` a tale of two cities '' ?,LOC,city,4,3667
who kept the most famous diary in the english language ?,HUM,ind,3,492
what 1965 film had jack lemmon portraying a cartoonist ?,ENTY,cremat,2,5135
what is the date of bastille day ?,NUM,date,5,1987
what was the name of hitler 's unsuccessful attempt to overthrow the bavarian government in munich in 1923 ?,ENTY,event,2,1819
how does a copier work ?,DESC,manner,1,369
what was the rallying cry of the early american revolutionaries ?,DESC,desc,1,3722
what does final four refer to in the sports world ?,ENTY,termeq,2,3610
who was damocles ?,HUM,desc,3,3317
what are the stars made of ?,ENTY,substance,2,3088
where is the world championship sled dog race held each february ?,LOC,other,4,2803
why did david koresh ask the fbi for a word processor ?,DESC,reason,1,2314
how many pounds are there in a stone ?,NUM,weight,5,3491
how many leos have been pope ?,NUM,count,5,2016
what cheery fellow got the zip code 9971 from the u.s. postal service in 1963 ?,HUM,ind,3,2176
how many people was randy craft convicted of murdering ?,NUM,count,5,2248
who is the president of bolivia ?,HUM,ind,3,5353
what are the four largest mountain ranges in the continental united states ?,LOC,mount,4,4483
how many beanie baby sites are there ?,NUM,count,5,4446
what did richard feynman say upon hearing he would receive the nobel prize in physics ?,DESC,desc,1,694
what was the first u.s.-based team in the nhl ?,HUM,gr,3,2204
what good are mosquitoes ?,DESC,desc,1,4769
"what children 's tale contains the line : `` come , cinderslut , and hold this skein of wool for me '' ?",ENTY,cremat,2,476
what kind of science is cosmology ?,ENTY,other,2,1317
which kevin costner movie involves the sioux indians ?,ENTY,cremat,2,1751
what is the best way to overcome a fear ?,ENTY,techmeth,2,1795
shea and gould had an office in los angeles for how long before closing it ?,NUM,period,5,1653
what makes thunder ?,DESC,reason,1,925
what are the urals ?,DESC,def,1,1163
independent silversmith 's account for what percentage of silver production ?,NUM,perc,5,3631
what are equity securities ?,DESC,def,1,138
"what president lived at 219 north delaware street , independence , missouri ?",HUM,ind,3,420
what is a disaccharide ?,DESC,def,1,4139
"what is the name of the rare neurological disease with symptoms such as : involuntary movements , tics , swearing , and incoherent vocalizations , grunts , shouts , etc. ?",ENTY,dismed,2,4818
what is mississippi 's state animal ?,ENTY,animal,2,818
what is usenet for the internet ?,DESC,def,1,4828
what is the largest city in texas ?,LOC,city,4,4382
what is the difference between a classical and an acoustic guitar ?,DESC,desc,1,3227
what comic strip sometimes features a mailman named beasley ?,ENTY,cremat,2,2589
who sings angel eyes from the 80 's ?,HUM,ind,3,2121
what is the english meaning of caliente ?,DESC,def,1,5167
what was called the world 's largest department store ?,HUM,gr,3,2140
who wrote the ugly duckling ?,HUM,ind,3,4630
how many syllables are there in a line of hendecasyllabic poetry ?,NUM,count,5,1083
who wrote the bible ?,HUM,ind,3,3569
which team won the super bowl in 1968 ?,HUM,gr,3,2947
"why does a wheel , e.g. a car tire , appear to spin in the opposite direction as it slows down ?",DESC,reason,1,5161
what country is home to heineken beer ?,LOC,country,4,5435
whose image is alleged to be on the shroud of turin ?,HUM,ind,3,2306
what nantucket shipwreck killed more divers exploring it than the 52 people it sank with ?,ENTY,veh,2,1628
how old is jeremy piven ?,NUM,period,5,1860
how many points make up a perfect fivepin bowling score ?,NUM,count,5,33
what 's the name of a golf course in myrtle beach ?,ENTY,other,2,969
what country does ileana cotrubas come from ?,LOC,country,4,4591
what does `` semper fidelis '' mean ?,DESC,def,1,1849
who lives at 39 stone canyon way ?,HUM,ind,3,1204
how many feet high is the hurdle in front of a runner 's steeplechase water jump ?,NUM,count,5,4248
name the four stories contained in edith wharton 's `` old new york . '',ENTY,cremat,2,1630
"what are other ways of getting stretch marks besides pregnancy , weight loss , and weight lifting ?",ENTY,techmeth,2,271
who invented volleyball ?,HUM,ind,3,4748
what pillar of the dutch renaissance painted aristotle contemplating the bust of homer ?,HUM,ind,3,3037
what does storm wave mean in japanese ?,DESC,def,1,2114
what state on the gulf of mexico has its lowest point five feet below sea level ?,LOC,state,4,3502
what did people use to freshen their breath before toothpaste ?,ENTY,other,2,5392
what is the capital of italy ?,LOC,city,4,4351
what 's an auberge in france ?,DESC,def,1,575
what two countries fought the hundred years ' war ?,LOC,country,4,3168
what 's the green variety of beryl called ?,ENTY,termeq,2,2615
when was the g7 group of nations formed ?,NUM,date,5,2835
what are the 10 plagues of egypt ?,ENTY,dismed,2,4163
who followed willy brandt as chancellor of the federal republic of germany ?,HUM,ind,3,5345
what cooking oil has `` corn goodness '' ?,ENTY,food,2,3583
what 2th-century fictional character attends pencey prep school ?,HUM,ind,3,1461
what city gained renown for its pea-soup fogs ?,LOC,city,4,538
who does data collection in tourism ?,HUM,ind,3,690
what is the u.s. location of procter & gamble corporate offices ?,LOC,other,4,5386
what is the difference between love and infatuation ?,DESC,desc,1,4891
what 's the singular of dice ?,ENTY,word,2,4602
who played the title role in the romantic englishwoman ?,HUM,ind,3,5355
what california bay 's largest island is angel island ?,LOC,other,4,4214
what was american folk hero john chapman 's nickname ?,HUM,ind,3,922
"whose funeral train traveled from washington d.c. to springfield , illinois ?",HUM,ind,3,2382
what is the milky way ?,DESC,def,1,4877
what city was john f. kennedy nominated for president in ?,LOC,city,4,1412
"what is the high pitched sound that you hear in your ear every now and then , but then it goes away , after a while ?",ENTY,other,2,4269
what is an angelus ?,DESC,def,1,4718
what bestselling modern poet was the co-founder of the famous city lights bookshop in san francisco ?,HUM,ind,3,3700
what is the nature of snow and how is the formation of snow different from that of ice ?,DESC,desc,1,4582
what is the estimated total u.s. whitetail deer population ?,NUM,count,5,2943
where are there aborigines ?,LOC,other,4,5185
name a canine cartoon character other than huckleberry hound to have a voice by daws butler .,HUM,ind,3,2268
"in ad 999 , what sort of celebrations , fears , were there ?",ENTY,other,2,3540
what are people doing to help prevent the extinction of birds ?,DESC,desc,1,4300
what country was the setting of you only live twice ?,LOC,country,4,1140
name a gaelic language .,ENTY,lang,2,1178
"what president served for five years , six months and 2 days ?",HUM,ind,3,2065
where are diamonds mined ?,LOC,other,4,4449
how many bones are there in the human hand ?,NUM,count,5,2779
what is mikhail gorbachev 's middle initial ?,ABBR,abb,0,4944
what is head start ?,DESC,def,1,1637
how many colors was the 1940s collectible called a donald duck rubber boat ?,NUM,count,5,3175
what is the motto for the state of maryland ?,DESC,desc,1,659
what explorer was nicknamed iberia 's pilot ?,HUM,ind,3,206
name one of the seven wonders of the ancient world .,ENTY,other,2,1404
what 's the most powerful card in euchre ?,ENTY,other,2,398
how do vending machines tell if your dollar is a 1 or a 5 ?,DESC,manner,1,3863
who sings the themes for `` dawson 's creek '' and `` felicity '' ?,HUM,ind,3,173
"who lives at 24 sussex drive , ottawa ?",HUM,ind,3,1093
"why was henry ford 's first automobile calleda model t & his second type of automobile , introduced in 1928 , called a model a ?",DESC,reason,1,3884
"what product 's ads claim that it `` eliminates odors , kills household germs , mold , and mildew '' ?",ENTY,product,2,4948
who was the first american world chess champion ?,HUM,ind,3,3954
what kind of creatures are the canary islands named for ?,ENTY,animal,2,4595
where are the leading medical groups specializing in lung diseases ?,LOC,other,4,913
what chapter of the bible has the most verses ?,NUM,ord,5,4178
name a product that controls the ripening of apples .,ENTY,product,2,2767
what is kept in fort knox that is so valuable ?,ENTY,other,2,4354
how many chairs are shown in vincent van gogh 's 188 work the artist 's room in arles ?,NUM,count,5,3499
what animal causes the biggest threat to humans ?,ENTY,animal,2,3825
what son of a 15-year-old mexican girl and a half-irish father became the world 's most famous greek ?,HUM,ind,3,3018
what does the name melissa mean ?,DESC,def,1,4581
what are the top 10 colleges in the united states in the field of engineering ?,HUM,gr,3,3859
what joins white wine to put the spritz in a spritzer ?,ENTY,food,2,3797
what is the medical condition of hypertension ?,DESC,def,1,3483
president bush compared saddam hussein to whom ?,HUM,ind,3,4936
"what do the number 1 , 2 , and 4 mean on dr. pepper bottles ?",DESC,def,1,2155
what government department did the untouchables work for ?,HUM,gr,3,3623
tell me what city the kentucky horse park is near ?,LOC,city,4,1346
how did people respond to the idea of the first millenium ?,DESC,manner,1,2429
where are the tropical rain forest distributions ?,LOC,other,4,704
what is the fear of cockroaches called ?,ENTY,dismed,2,388
who is the one independent member of congress ?,HUM,ind,3,5060
what is the origin of the expression `` four-letter word '' ?,DESC,desc,1,4241
what keeps clouds in the air ?,ENTY,other,2,1246
what good little witch is casper 's girlfriend ?,HUM,ind,3,1806
what do bee hives do in cranberry bogs ?,DESC,desc,1,481
"what kind of sports did they play in the years 1642-1649 , the english civil war time ?",ENTY,sport,2,3991
what 's the meaning of uol ?,DESC,def,1,1545
where can one find rider college ?,LOC,other,4,3814
what causes a person to have constantly sweaty hands and feet ?,DESC,reason,1,4997
what causes an earthquake ?,DESC,reason,1,4023
what football bowl game 's first queen was hallie woods ?,ENTY,sport,2,3604
what is the origin of thank you notes ?,DESC,desc,1,1088
what are binomial coefficients ?,DESC,def,1,4699
"what city boasts penn 's landing , on the banks of the delaware river ?",LOC,city,4,143
which city did christian crusaders fight to recapture from the muslims ?,LOC,city,4,363
what is `` snoogans '' ?,DESC,def,1,217
what happened to pompeii ?,DESC,desc,1,3935
what is britain 's possession on the chinese mainland ?,LOC,other,4,1085
how can i find a list of celebrities ' real names ?,DESC,manner,1,3
what is a word whose letters can be rearranged to form a different word ?,ENTY,word,2,4152
what letter appears on the cold-water tap in spain ?,ENTY,letter,2,2278
how many languages are there in the world ?,NUM,count,5,4901
what is the average salary of a paleontologist ?,NUM,money,5,4549
what is the origin of u.s. army sergeant 's stripes ?,DESC,desc,1,3982
who took over as conductor of the boston pops after arthur fiedler 's long reign ?,HUM,ind,3,1588
when was the triangle shirtwaist fire ?,NUM,date,5,1336
what is a swatch ?,DESC,def,1,3200
how does a bill become law ?,DESC,manner,1,4137
what is the greatest source of `` white '' magic in the marvel universe ?,ENTY,other,2,3493
"what is the latitude and longitude of el paso , texas ?",NUM,other,5,4580
what did a 16th-century aztec athlete get for putting a rubber ball through a ring ?,ENTY,other,2,1735
what songs were popular in 1948 ?,ENTY,cremat,2,4234
what is an urban legend ?,DESC,def,1,3363
what is the amish religion ?,DESC,def,1,608
how do you select wine ?,DESC,manner,1,3496
where do the adventures of `` the swiss family robinson '' take place ?,LOC,other,4,39
what is the most commonly used 1 letter word in the english language ?,ENTY,word,2,3173
what famed wall supports the badaling turret ?,LOC,other,4,4621
what louisiana senator won a seat that had been held by his father and mother ?,HUM,ind,3,4794
what is a chinese `` spouting '' bowl ?,DESC,def,1,2710
what is the history of the hairdryer ?,DESC,desc,1,4078
in which kevin costner movie did sioux indians play a role ?,ENTY,cremat,2,1059
when did hitler come to power in germany ?,NUM,date,5,2302
which sex is denied voting rights in kuwait ?,ENTY,other,2,4479
what is a fear of food ?,ENTY,dismed,2,3725
how do i know someone is truly in love with me ?,DESC,manner,1,3049
what country 's national passenger rail system is called via ?,LOC,country,4,100
how many islands does fiji have ?,NUM,count,5,4745
where is the largest post office building in the world ?,LOC,other,4,4550
how did names come about ?,DESC,manner,1,2383
what makes a tornado turn ?,DESC,reason,1,630
how many american soldiers remain unaccounted from the vietnam war ?,NUM,count,5,4013
"in 1990 , what day of the week did christmas fall on ?",NUM,date,5,5036
what is dew point ?,DESC,def,1,2220
who played the ringo kid in the 1939 film stagecoach ?,HUM,ind,3,611
how does food color affect how you think it will taste ?,DESC,manner,1,3776
who is the president of pergament ?,HUM,ind,3,5114
what flag flies over wake island ?,ENTY,other,2,5235
approximately how much does a teaspoon of matter weigh in a black hole ?,NUM,weight,5,3313
how many three-letter permutations can be made from the four letters : c ?,NUM,count,5,3676
what are the four most widely-used languages in north america ?,ENTY,lang,2,4096
who is westview high 's band director in funky winkerbean ?,HUM,ind,3,4276
what national league baseball team employed 72 third baseemen in its first 2 seasons ?,HUM,gr,3,1911
what is the capital of kosovo ?,LOC,city,4,4659
where does `` bovine '' come from ?,DESC,desc,1,2216
which of the following did not receive a 1983 `` outstanding mother award '' from the national mother 's day committee ?,HUM,ind,3,2387
what novel inspired the movie bladerunner ?,ENTY,cremat,2,131
how can i find out how much income tax is paid on social security income on the 1998 income tax ?,DESC,manner,1,1050
"what 's played at wembley stadium , london , every may ?",ENTY,sport,2,4771
who did richard nixon tender his resignation to ?,HUM,ind,3,1570
what happened in dogtown in 1899 to make that year remembered ?,DESC,desc,1,1684
what beer advertised that it had `` three rings '' ?,ENTY,food,2,408
why did the anglican church split from the vatican ?,DESC,reason,1,1713
how can i find out which cities have cable-modem access ?,DESC,manner,1,214
who is the mayor of marbella ?,HUM,ind,3,167
what is `` nine inch nails '' ?,DESC,def,1,19
how does the chain of command work inside an us army apache helicopter ?,DESC,manner,1,5123
what is the brand name of the chemical daminozide ?,ENTY,product,2,2940
how many people live in cities ?,NUM,count,5,4361
what product features a frog that says `` dig 'em '' ?,ENTY,product,2,3391
what film or films has jude law appeared in ?,ENTY,cremat,2,470
what are the three winter months in the southern hemisphere ?,NUM,date,5,188
what is ray bradbury 's illustrated man illustrated with ?,ENTY,other,2,1494
what does the abbreviation cwt. ?,ABBR,exp,0,1258
how many millimeters are in a mile ?,NUM,count,5,3685
what is the viking prince 's first name ?,HUM,ind,3,1257
who was the first coach of the cleveland browns ?,HUM,ind,3,366
what year did the vietnam war end ?,NUM,date,5,897
what is the difference between optical and digital video ?,DESC,desc,1,2508
what is the origin of the term `` the brooklyn side '' in bowling ?,DESC,desc,1,1042
what u.s. government agency registers trademarks ?,HUM,gr,3,4569
what was the christian name of the title character in our miss brooks ?,HUM,ind,3,1554
when was beethoven born ?,NUM,date,5,4468
what is the highest roman numeral ?,DESC,def,1,1217
what concerts are held in new york this week ?,ENTY,event,2,3327
what is the name of the medical condition in which a baby is born without a brain ?,ENTY,dismed,2,1398
what 1966 boob tube bomb took astronauts back to prehistoric times ?,ENTY,cremat,2,985
what is a caul ?,DESC,def,1,3222
what must a las vegas blackjack dealer do when he reaches 16 ?,DESC,desc,1,1708
what was the date of iraq 's invasion of kuwait ?,NUM,date,5,2129
what national basketball association superstar told his story in giant steps ?,HUM,ind,3,1323
what were the first bodies visited by spacecraft ?,LOC,other,4,4649
what is the origin of gametophytic tissue ?,DESC,desc,1,2878
"what is the per-capita income of colombia , south america , ?",NUM,money,5,1072
what is the homelite inc. home page ?,LOC,other,4,4489
what is compaq 's mission statement ?,DESC,desc,1,2475
what does an echidna look like ?,DESC,desc,1,1922
what was the verdict in the 1925 trial of john t. scopes ?,DESC,desc,1,5046
how do i get my lan card activated so that it can hook up to another computer without using a hub ?,DESC,manner,1,3715
mississippi has what name for a state nickname ?,LOC,state,4,2628
who succeeded nikita khrushchev as first secretary of the communist party ?,HUM,ind,3,4650
"what actor starred in 1980 's blue lagoon , 1982 's the pirate movie and 1983 's a night in heaven ?",HUM,ind,3,951
who was the supreme god of germanic religion ?,HUM,ind,3,2636
what four forms does gold occur in ?,ENTY,other,2,226
where is kings canyon ?,LOC,other,4,2445
"what then-derogatory term was applied to the painters monet , sisley , pissarro , renoir and degas ?",ENTY,termeq,2,552
what was the sequel to the pink panther ?,ENTY,cremat,2,4360
what do the japanese call japan ?,ENTY,termeq,2,2558
"at christmas time , what is the traditional thing to do under the mistletoe ?",ENTY,other,2,3078
what do the letters zip stand for in the phrase `` zip code '' ?,ABBR,exp,0,1280
what is steve rogers 's profession when he 's not captain america ?,HUM,title,3,4993
what russian seaport has a name meaning `` lord of the east '' ?,LOC,city,4,547
how high is the city of denver ?,NUM,dist,5,3995
name a sioux language .,ENTY,lang,2,3937
what is the population of kansas ?,NUM,other,5,3769
on what river is rome built ?,LOC,other,4,5189
what is the exchange rate for australian to american money ?,NUM,money,5,1578
where can i find a large list of 5 to 6 letter words ?,LOC,other,4,1845
what is the origin of the typing practice sentence `` now is the time for all good men to come to the aid of their country '' ?,DESC,desc,1,3474
what do mormons believe ?,DESC,desc,1,36
what new games are available for nintendo 64 ?,ENTY,sport,2,2627
what planet did percival lovell discover ?,LOC,other,4,4519
what is the chemiosmotic theory ?,DESC,def,1,2125
"in order from the top , the four stripes on a can of pepsi are what colors ?",ENTY,color,2,4193
what was the bridge of san luis rey made of ?,ENTY,substance,2,513
what were the first frozen foods ?,ENTY,food,2,2839
what was the great britain population from 1699-172 ?,NUM,count,5,3689
what ocean surrounds the maldive islands ?,LOC,other,4,5366
rotary engines used to be made by whom ?,HUM,ind,3,4472
what do opposite faces of a die always add up to ?,ENTY,other,2,3906
how many species of sharks are there ?,NUM,count,5,216
what two baseball players make up the battery ?,HUM,ind,3,1355
what was the nickname of german flying ace manfred von richthofen ?,HUM,ind,3,2147
what is the longest english word that can be formed using just the first row of letters on a typewriter ?,ENTY,word,2,2613
who were the yankee 's frequent enemies ?,HUM,gr,3,1556
what war saw battles at parrot 's beak and black virgin ?,ENTY,event,2,1727
what is dextropropoxyphen napsylate ?,DESC,def,1,5108
what is cabarnet sauvignon ?,DESC,def,1,2851
what 's the red planet ?,DESC,def,1,1944
what country borders the most others ?,LOC,country,4,3335
which german president was pressured into appointing hitler chancellor in 1933 ?,HUM,ind,3,4076
who is the best known villain of the 165 gunpowder plot ?,HUM,ind,3,1382
"what basketball player is credited with 23 , 924 rebounds ?",HUM,ind,3,4010
what are the characters ' names in the scooby-doo cartoon ?,HUM,ind,3,1129
what does a resurrectionist steal ?,ENTY,other,2,3516
what ernest hemingway novel had the working title fiesta ?,ENTY,cremat,2,2460
what is columbia tristar 's phone number ?,NUM,code,5,2004
what does a polyorchid man have at least three of ?,ENTY,other,2,3673
"how do you say , `` i love you '' in other languages ?",ENTY,termeq,2,2502
what is white chocolate ?,DESC,def,1,643
what is `` alternative '' anymore ?,DESC,def,1,4329
how long does it take to travel from tokyo to niigata ?,NUM,period,5,4135
what does visine get out ?,ENTY,other,2,2482
who runs andy capp 's favorite pub ?,HUM,ind,3,2031
how do you say `` grandma '' in irish ?,ENTY,termeq,2,2279
what are the most common elements in seawater ?,ENTY,substance,2,1313
what causes pneumonia ?,DESC,reason,1,187
how many pairs of legs does a lobster have ?,NUM,count,5,749
"what happened on january 15 , 1969 ?",ENTY,event,2,5314
where 's the bernini-bristol hotel ?,LOC,other,4,4657
how can i get a comic character i made copyrighted and published ?,DESC,manner,1,1063
what is boston kreme ?,DESC,def,1,3196
how can a foreigner get a u.s. social security card ?,DESC,manner,1,3690
"when not adventuring on rann , what does adam strange call his profession ?",HUM,title,3,3846
who killed lee harvey oswald ?,HUM,ind,3,3435
where does the tennis star stefan edberg come from ?,LOC,other,4,2713
when did the bounty mutiny take place ?,NUM,date,5,130
in what city does maurizio pellegrin now live ?,LOC,city,4,5446
where is the largest dam in the world ?,LOC,other,4,3628
what italian leader had a lifelong fear of the evil eye ?,HUM,ind,3,2705
what is the origin of `` beauty is in the eye of the beholder '' ?,DESC,desc,1,2737
what 's the motto of the boy scouts ?,DESC,desc,1,4592
whom did friz freleng add to the warner bros. cartoon ranks ?,HUM,ind,3,3121
what level of government or governmental agency is responsible for dealing with racism ?,HUM,gr,3,477
what are the most common breeding birds in the u.s. ?,ENTY,animal,2,994
what does a heliologist study ?,ENTY,other,2,2921
what is a fear of bees ?,ENTY,dismed,2,565
what is the origin of the name igor ?,DESC,desc,1,3412
what game does garry kasparov play ?,ENTY,sport,2,4352
how do you make a paintball ?,DESC,manner,1,107
which two products use a tiger as their symbol ?,ENTY,product,2,1990
what country borders denmark to the south ?,LOC,country,4,3464
who is considered the first lady of the american stage ?,HUM,ind,3,1783
when was franklin d. roosevelt stricken with polio ?,NUM,date,5,3377
which doonesbury character was likely to turn into a werewolf ?,HUM,ind,3,304
what does salk vaccine prevent ?,ENTY,dismed,2,2307
what card game can feature dealer 's choice ?,ENTY,sport,2,5042
what is the origin of the first name ` breony ' ?,DESC,desc,1,2734
what feminist wrote sexual politics and flying ?,HUM,ind,3,3953
what is april 's gemstone ?,ENTY,other,2,3304
what is the tallest mountain ?,LOC,mount,4,3886
who invented baseball ?,HUM,ind,3,534
what does `` b.y.o.b. '' mean ?,ABBR,exp,0,4456
what is the second highest mountain peak in the world ?,LOC,mount,4,1805
when was queen victoria born ?,NUM,date,5,1706
what are the names of the different toes ?,ENTY,body,2,2151
what kind of people took part in shays ' rebellion in massachusetts in 1787 ?,HUM,gr,3,2889
what do i need to learn to design web pages ?,DESC,desc,1,2286
why is hockey so violent ?,DESC,reason,1,3632
when is the site www.questions.com going to open ?,NUM,date,5,617
what country in latin america is the largest one ?,LOC,country,4,1152
where can i find out the top 1 singles ?,LOC,other,4,493
what bird can swim but can 't fly ?,ENTY,animal,2,1062
who played lucas mccain on the rifleman ?,HUM,ind,3,5370
"what u.s. general died december 1 , 1945 , when his jeep collided with a truck ?",HUM,ind,3,3199
name a film that has won the golden bear in the berlin film festival ?,ENTY,cremat,2,2099
"who killed more people , hitler or stalin ?",HUM,ind,3,1386
what do goldfish lose if kept in dimly-lit or running water ?,ENTY,other,2,2895
what web sites are linked to the report on genesis eldercare ?,LOC,other,4,4429
who served as inspiration for the schoolteacher portrayed by robin williams in `` dead poets society '' ?,HUM,ind,3,1378
what city is sometimes called gotham ?,LOC,city,4,194
which is heavier - cream or milk ?,ENTY,food,2,2617
why do we call someone `` honey '' ?,DESC,reason,1,2699
how did rocky marciano die ?,DESC,manner,1,2478
what started in 1849 when gold was discovered at sutter 's mill ?,ENTY,event,2,3124
what do the french call la manche ?,ENTY,termeq,2,1938
"what two historical figures , who fought each other in a famous battle , each have a food named after them ?",HUM,ind,3,3414
jackson pollock was a native of what country ?,LOC,country,4,4729
what do you know about multicultural and multilingual schools ?,DESC,desc,1,5197
what does `` extended definition '' mean and how would one write a paper on it ?,DESC,def,1,62
how much will gas be taxed in california by the year 2000 ?,NUM,money,5,4404
what does the `` blue ribbon '' stand for ?,ABBR,exp,0,4964
how many calories are there in a big mac ?,NUM,count,5,334
what did vasco da gama discover ?,ENTY,other,2,4824
how many hands does bjorn borg use when hitting his forehand ?,NUM,count,5,859
what happens to the female body with lack of sleep and food ?,DESC,desc,1,2765
what will the california gas tax be in the year 2000 ?,NUM,money,5,3408
how do they get teflon to stick to the pan ?,DESC,manner,1,4450
what 's the no. 1 killer in industrialized countries ?,ENTY,other,2,1287
where is los vegas ?,LOC,other,4,3529
how long do you have to live in a community to vote ?,NUM,period,5,4725
who is the prophet that is most connected to the dead sea ?,HUM,ind,3,3506
where is santa lucia ?,LOC,other,4,1724
what color was the hundred billionth crayon made by crayola ?,ENTY,color,2,4693
where can i find detailed information about manchukuo ?,LOC,other,4,2399
why did the globe theatre burn down ?,DESC,reason,1,2864
how do you calculate the change in enthalpy of a chemical reaction ?,DESC,manner,1,3428
name of king arthur 's sword ?,ENTY,other,2,3730
what whisky is `` known by the company it keeps '' ?,ENTY,food,2,4003
what vowel do all esperanto nouns end in ?,ENTY,letter,2,2159
what caused shea & gould to close their l.a. office ?,DESC,reason,1,1387
what is drew barrymore 's middle name ?,HUM,ind,3,2072
how long does it take the moon to revolve around the earth ?,NUM,period,5,4109
what fruit does the ficus produce ?,ENTY,food,2,5266
what are some children 's rights ?,DESC,desc,1,3432
what english word has the most letters ?,ENTY,word,2,2561
who was the girl in peter sellers 's soup ?,HUM,ind,3,5306
what is the origin of the rock band led zeppelin 's name ?,DESC,desc,1,4531
"which hair care product told us `` hate that gray , wash it away '' ?",ENTY,product,2,770
what is another word for diet ?,ENTY,word,2,2130
where can i find examples of legal cases about the individuals with disabilities education act ?,LOC,other,4,1334
what does ibm stand for ?,ABBR,exp,0,1455
how many earthworms are in a single pasture ?,NUM,count,5,1821
what 's a `` coup de poing '' to a french boxer ?,DESC,def,1,4909
what is a fear of strong light ?,ENTY,dismed,2,1792
who was the actor who played sam in the movie casablanca ?,HUM,ind,3,3806
what asian city boasts the world 's biggest bowling alley ?,LOC,city,4,1829
how far out is the universe ?,NUM,dist,5,2760
how many pitchers occupy the shelf beside the crouching woman in edgar degas 's 1886 painting the tub ?,NUM,count,5,3187
what are some chemical properties of mendelevium ?,DESC,desc,1,3119
how many people are taller than 7 feet ?,NUM,count,5,3255
from what cause does tuberculosis stem ?,DESC,reason,1,3619
how tall was the animated frankenstein,NUM,dist,5,5170
where can i find info on alexander mackenzie ?,LOC,other,4,4254
"how does cos cob , ct get its name ?",DESC,manner,1,4638
what is object-oriented design ?,DESC,def,1,3767
which mayonnaise refers to itself as `` real '' mayonnaise ?,ENTY,food,2,3896
what percentage of all world tornados touch down in the us ?,NUM,perc,5,2844
what three colors are on the french flag ?,ENTY,color,2,1883
what is the weight of a teaspoon of matter in a black hole ?,NUM,weight,5,3297
what film was based on the play everybody comes to rick 's ?,ENTY,cremat,2,2698
who is imam hussain ben ali whom shia people believe in ?,HUM,desc,3,1958
"what are vermicilli , rigati , zitoni , and tubetti ?",DESC,def,1,3370
how many people live in the falklands ?,NUM,count,5,1680
"what do the letters ce stand for on so many products , particularly electrical , purchased now ?",ABBR,exp,0,4263
what do the names andrew and christina mean ?,DESC,def,1,1600
what is a fear of shadows ?,ENTY,dismed,2,88
who created big ben ?,HUM,ind,3,1731
"what famous soldier was born in europe , died in asia , and was laid to rest in africa ?",HUM,ind,3,1831
what does a chef coddle eggs in ?,ENTY,other,2,4653
ray charles plays which instrument ?,ENTY,instru,2,1248
which college did dikembe mutombo play basketball for ?,HUM,gr,3,4424
why are the ears your center of balance ?,DESC,reason,1,583
what was originally defined as one 1-millionth of the distance from the equator to the pole ?,ENTY,termeq,2,2981
"what does the greek word polis mean , as in minneapolis ?",DESC,def,1,2398
what racehorse won an associated press poll as the greatest horse of the 20th century ?,ENTY,animal,2,3608
what famous male vocalist has the same name as the composer of the opera hansel and gretel ?,HUM,ind,3,2838
where is logan airport ?,LOC,other,4,972
what was eduard shevardnadze 's job in the soviet union ?,HUM,title,3,1131
where can i get information about cystic fibrosis ?,LOC,other,4,1537
when was the internal combustion engine developed ?,NUM,date,5,2438
where can i find an ask an expert site ?,LOC,other,4,3073
what is the name of a greek god ?,HUM,ind,3,3402
what english explorer discovered and named virginia ?,HUM,ind,3,5433
what is gymnophobia ?,DESC,def,1,139
which company created the internet browser mosaic ?,HUM,gr,3,210
who was nicknamed the little corporal ?,HUM,ind,3,910
what are the largest breweries in the world ?,LOC,other,4,1243
what is the history of skateboarding ?,DESC,desc,1,74
"what argentine revolutionary fought with castro and died in bolivia in may , 1979 ?",HUM,ind,3,5413
what was the name of baretta 's cockatoo ?,ENTY,animal,2,3743
when are sheep shorn ?,NUM,date,5,961
which operating system runs on ibm-compatible machines ?,ENTY,product,2,1548
what are the different types of plastic ?,ENTY,other,2,411
who is pia zadora 's millionaire husband and mentor ?,HUM,ind,3,3948
what author of the days of our lives cookbook signed on in 198 as liz chandler in tv 's days of our lives ?,HUM,ind,3,2041
what is a virtual ip address ?,DESC,def,1,733
what was mel gibson 's first movie ?,ENTY,cremat,2,761
what sport do the cleaveland cavaliers play ?,ENTY,sport,2,5430
"what river flows through vienna , budapest and belgrade ?",LOC,other,4,2249
"who delivered his last newscast on march 6 , 1981 ?",HUM,ind,3,755
who were the 1974 oscar winners ?,HUM,ind,3,4815
how many url extensions are there ? and what are they ?,NUM,count,5,2491
what is a jellicle cat ?,DESC,def,1,623
how long does it take for your blood to make one complete trip through the body ?,NUM,period,5,124
what was the first town to be chartered in vermont ?,LOC,city,4,1674
who is buried in the great pyramid of giza ?,HUM,ind,3,5283
what are the distinct physical characterstics of the arabian horse ?,DESC,desc,1,543
what films featured the character popeye doyle ?,ENTY,cremat,2,2
what does the term `` spaghetti western '' mean ?,DESC,def,1,2834
what are those little blue reflectors in the middle of the road for ?,DESC,reason,1,4858
"what world war i battle saw 6 , 0 troops killed in one day ?",ENTY,event,2,1344
when did princess diana and prince charles get married ?,NUM,date,5,2007
what is the history of yo-yos ?,DESC,desc,1,1861
how many spears are there on kenya 's flag ?,NUM,count,5,2910
how was lawrence,DESC,manner,1,4532
"who wrote the bestselling missionary travels and researches in south africa , published in 1857 ?",HUM,ind,3,4975
which of the following men was not married to rita hayworth ?,HUM,ind,3,979
"in a computer , what does scsi mean ?",ABBR,exp,0,3662
what type of animal is the easiest kept pet there is ?,ENTY,animal,2,4495
what two countries are linked by the brenner pass ?,LOC,country,4,2626
"what tv character said ; `` one of these days , alice , pow , right in the kisser '' ?",HUM,ind,3,2639
how many types of cheese are there in france ?,NUM,count,5,3585
jude law was in what movie ?,ENTY,cremat,2,3501
what australian city became the home of the america 's cup ?,LOC,city,4,1873
what is a wet dream ?,DESC,def,1,4217
what u.s. university boasts the largest library ?,HUM,gr,3,2423
what is the song stairway to heaven by led zeppelin about ?,DESC,desc,1,2729
what is smokey the bear 's middle name ?,ENTY,animal,2,1024
what was `` america 's recessed-filter cigarette '' ?,ENTY,product,2,1669
what 's the claim to fame of night watchman frank wills ?,DESC,reason,1,3729
what is a stratocaster ?,DESC,def,1,1316
who comprised the now-defunct comic book team known as the champions ?,HUM,ind,3,106
how do you get rid on woodpeckers ?,DESC,manner,1,1082
who followed up his first two underwater thrillers with the girl of the sea of cortez ?,HUM,ind,3,5050
what is interlata internet service ?,DESC,def,1,4324
what 19th-century painter died in the marquesas islands ?,HUM,ind,3,77
what are arnold palmer 's fans called ?,HUM,ind,3,2986
where can i find a website that gives comparisons of good prices ?,LOC,other,4,2228
what is meant by blood sed rate ?,DESC,def,1,2867
what 's the most common non-contagious disease in the world ?,ENTY,dismed,2,1810
where is guam ?,LOC,other,4,1099
what was george washington afraid of ?,ENTY,other,2,3567
how is energy created ?,DESC,manner,1,407
what is the main ingredient of yogurt ?,ENTY,substance,2,2599
how much of the earth 's surface is permanently frozen ?,NUM,count,5,1704
what 's men 's par on a 455-yard golf hole ?,NUM,other,5,4988
how many stations do you shoot from in the basketball game `` around the world '' ?,NUM,count,5,2185
what triple crown-winning horse took the 1973 belmont stakes by 31 lengths ?,ENTY,animal,2,2059
what was the average life expectancy during the stone age ?,NUM,period,5,1764
what strait links the mediterranean sea and the atlantic ocean ?,LOC,other,4,5202
how do you say 2 in latin ?,ENTY,termeq,2,4267
"what household facility contains a float ball , ballcock , and overflow tube ?",ENTY,other,2,510
what does s.o.s. stand for ?,ABBR,exp,0,222
what 's the origin of the word ` news ' ?,DESC,desc,1,819
what police force did mack sennett create ?,HUM,gr,3,5330
what company tabulates the ballots in voting for the academy awards ?,HUM,gr,3,320
what is the nickname of pennsylvania ?,LOC,state,4,5215
what countries does the mont blanc tunnel join ?,LOC,country,4,3145
how many disks does each player have in a four-handed game of crokinole ?,NUM,count,5,1771
what texas city got its name from the spanish for `` yellow '' ?,LOC,city,4,935
what is hyperopia ?,DESC,def,1,2368
how long do cardinal eggs incubate ?,NUM,period,5,2595
what are the best ways to improve employee morale at low cost ?,ENTY,techmeth,2,3105
name the two youngsters saved by the animated moby dick .,HUM,ind,3,2495
what organ contains the islands of langerhans ?,ENTY,body,2,4397
on what river is strasbourg built ?,LOC,other,4,3645
what bowl game began as an east-west contest between michigan and stanford in 192 ?,ENTY,sport,2,2034
where could i go to take a ride on a steam locomotive ?,LOC,other,4,3844
what are common methods used to regulate monopolies ?,ENTY,techmeth,2,4979
what is the richest state in the u.s. ?,LOC,state,4,4064
what kind of organization is ` last chance for animals ' ?,HUM,gr,3,1644
how old was gene siskel ?,NUM,period,5,2997
what famed library can you reach by dialing 22-287-5 ?,LOC,other,4,4822
what is the population in india ?,NUM,count,5,2027
what cable network bills itself as `` the family entertainer '' ?,HUM,gr,3,2656
who made the first surfboard ?,HUM,ind,3,2078
what is the origin of `` barbeque '' ?,DESC,desc,1,3782
what does the donation process entail ?,DESC,def,1,2789
"what does ms. , miss , and mrs. stand for ?",ABBR,exp,0,1198
who else was considered for the role of luke skywalker when george lucas was casting for star wars ?,HUM,ind,3,3488
what is a fear of women ?,ENTY,dismed,2,4111
"what is black hills , south dakota most famous for ?",DESC,reason,1,984
what country was kim philby really working for ?,LOC,country,4,3058
what is the peloponnesian league ?,DESC,def,1,4775
"where can i find scientific data , `` research papers , '' on textile engineering ?",LOC,other,4,3992
what is the acronym for the rating system for air conditioner efficiency ?,ABBR,abb,0,5310
how do i increase my biceps ' size ?,DESC,manner,1,1569
in what medium is stuart hamblen considered to be the first singing cowboy ?,ENTY,cremat,2,116
where can i get a photograph of professor randolph quirk ?,LOC,other,4,2635
when were fish first believed to be found on earth ?,NUM,date,5,1405
what five cards make up a perfect cribbage hand ?,ENTY,other,2,2675
what season does a hiemal activity normally take place in ?,NUM,date,5,4207
what film marked robert redford 's directorial debut ?,ENTY,cremat,2,468
"who was the accused in the trial of the century , which opened janurary 1 , 1935 ?",HUM,ind,3,4692
how many people are there in the world ?,NUM,count,5,218
what 's the northernmost u.s. state apart from alaska ?,LOC,state,4,1359
whose autobiography is titled yes i can ?,HUM,ind,3,720
in what area of the world was the six day war fought ?,LOC,other,4,466
what building appropriately enough is depicted on the back of the 1-dollar bill ?,LOC,other,4,1250
how do you find the area of a circle ?,DESC,manner,1,5071
what motto ended merrie melodies cartoons ?,DESC,desc,1,2847
what general direction does the journey in around the world in 80 days proceed in ?,LOC,other,4,3594
which one of the original seven mercury program astronauts did not fly on any of the mercury flights ?,HUM,ind,3,1381
what kind of substance is dextropropoxyphen napsylate ?,ENTY,substance,2,4194
what is the main application of sodium hydrosulfite ?,DESC,desc,1,3388
what are the rules to `` snow golf '' ?,DESC,desc,1,4036
who was jean nicolet ?,HUM,desc,3,1443
who made the musical plea be true to your school ?,HUM,ind,3,1797
what is the largest sculpture in the world ?,ENTY,cremat,2,3234
what north american city would you visit to see cleopatra 's needle ?,LOC,city,4,3071
how does it make its colors ?,DESC,manner,1,4671
what italian liner was hijacked in 1985 ?,ENTY,veh,2,825
what was the name of the computer in ` 2001 : a space odyssey ' ?,ENTY,product,2,4516
"what is the name of the largest city in chile , south america ?",LOC,city,4,3283
what age followed the bronze age ?,ENTY,event,2,852
who won the 1967 academy award for best actor ?,HUM,ind,3,1479
where have the most dinosaur remains been found ?,LOC,other,4,2277
which high schools are included in the south florida ice hockey league ?,HUM,gr,3,2361
where is rider college ?,LOC,other,4,3752
hitler came to power in germany in what year ?,NUM,date,5,3912
what causes canker sores in the mouth ?,DESC,reason,1,1973
what is the root of all evil ?,DESC,desc,1,2449
what animal was the heat-seeking missile called the sidewinder named for ?,ENTY,animal,2,1622
who created maudie frickett ?,HUM,ind,3,3636
what are the current immigration laws in us ?,DESC,desc,1,4498
name the disposable razor that `` costs about 19 cents . '',ENTY,product,2,700
what is ethylene ?,DESC,def,1,2022
where is inoco based ?,LOC,other,4,2180
"what explosive do you get by mixing charcoal , sulfur and saltpeter ?",ENTY,substance,2,1200
what number is at 12 o 'clock on a dartboard ?,NUM,other,5,2946
what 's the most common name in nursery rhymes ?,HUM,ind,3,2967
what is the web address of the list of e-mail addresses of members of the house of representatives ?,LOC,other,4,581
what is the name of kevin costner 's movie about sioux indians ?,ENTY,cremat,2,2901
what 's the southern dish made of pigs ' small intestines ?,ENTY,food,2,1098
where did the energy for the big bang come from ?,DESC,desc,1,5177
what are all the southern states of the united states ?,LOC,state,4,2409
what baseball player was known as charley hustle ?,HUM,ind,3,3434
what tokyo street glitters with famed department stores and nightclubs ?,LOC,other,4,1763
what was the price of varian associates ' vacuum products division ?,NUM,money,5,787
what is new england 's highest mountain ?,LOC,mount,4,3599
what happened to pepsi clear ?,DESC,desc,1,4220
how many states have a `` lemon law '' for new automobiles ?,NUM,count,5,3325
what is the term for the side of the mountain that faces the prevailing winds ?,ENTY,termeq,2,2827
"whose husbands have included conrad hilton jr. , and michael wilding ?",HUM,ind,3,3550
what does the six-footed musca domestica become when it enters a house ?,ENTY,other,2,73
what was the occupation of mandy rice-davies ?,HUM,title,3,880
what kind of animal is babar ?,ENTY,animal,2,428
how many maids were milking ?,NUM,count,5,4279
where was the first zoo in the u.s. ?,LOC,other,4,3302
what doctor claimed in a 1946 book : `` there is no such thing as a bad boy '' ?,HUM,ind,3,4044
what are the three most successful companies of our time ?,HUM,gr,3,5291
why do pharmacists work on raised floors ?,DESC,reason,1,4185
what american poet wrote : `` good fences make good neighbors '' ?,HUM,ind,3,877
"what feud ended with a marriage in kentucky on march 21 , 1891 ?",ENTY,event,2,1719
how big is our galaxy in diameter ?,NUM,volsize,5,3015
"what common plant has a button , cap , cup , gills , and ring ?",ENTY,plant,2,4875
what ill-fated american general dragged a bull terrier named willie through world war ii ?,HUM,ind,3,3354
what country did the ancient romans refer to as hibernia ?,LOC,country,4,1740
"what literary classic centers on the search for a treasure in gold worth 7 , 0 pounds ?",ENTY,cremat,2,1182
"what drink is made up of rum , coconut milk and pineapple ?",ENTY,food,2,3624
what `` little red car '' is mentioned in pop singer prince 's hit song ?,ENTY,other,2,3867
what 's the abbreviation for trinitrotoluene ?,ABBR,abb,0,1985
what 's known as the queen of drinks ?,ENTY,food,2,5415
what is the best internet business to go into ?,HUM,gr,3,1240
how long does a dog sleep ?,NUM,period,5,1413
where can i find a person 's address from a telephone number ?,LOC,other,4,456
what year did apartheid start ?,NUM,date,5,1730
where is the kentucky horse park ?,LOC,other,4,3931
who created the character james bond ?,HUM,ind,3,4940
what is the collective noun for geese ?,ENTY,word,2,4790
what south american city has the world 's highest commercial landing field ?,LOC,city,4,213
what are the titles of some r-rated sony playstation games ?,ENTY,sport,2,3361
what is osmosis ?,DESC,def,1,4570
what ice creams contain seaweed ?,ENTY,food,2,2136
what is the name of miss india 1994 ?,HUM,ind,3,1919
how many years make up a lustrum ?,NUM,count,5,3062
what u.s. president had brothers-in-law in the confederate army ?,HUM,ind,3,2396
what character in the beverly hillbillies has the given names daisy moses ?,HUM,ind,3,5227
how many cubic feet of space does a gallon of water occupy ?,NUM,count,5,1812
"what 1942 espionage movie reunited director john huston with maltese falconers humphrey bogart , mary astor , and sidney greenstreet ?",ENTY,cremat,2,3765
how did serfdom develop in and then leave russia ?,DESC,manner,1,1
how can i trace my family roots ?,DESC,manner,1,2128
what major airline has the best safety record in the world ?,HUM,gr,3,4457
how can i find out my moon sign ?,DESC,manner,1,1852
what is the highest waterfall in the united states ?,LOC,other,4,28
what south american city features the exclusive copacabana beach and ipanema ?,LOC,city,4,1789
what does rca stand for ?,ABBR,exp,0,4600
where does the u.s. rank among world countries in area ?,NUM,ord,5,1231
what is `` the taste that beats the others cold '' ?,ENTY,food,2,3989
in which sport is there a `` scrum '' ?,ENTY,sport,2,3104
how many calories are there in soy sauce ?,NUM,count,5,3008
what was the orca 's name that died of a fungal infection at sea world ?,ENTY,animal,2,5113
which breakfast cereal brought you `` the best each morning '' ?,ENTY,food,2,1197
colin powell is famous for what ?,DESC,reason,1,5096
what is deet ?,ABBR,exp,0,3098
how far is london uk from california ?,NUM,dist,5,1500
what do we call the imaginary line along the top of the rocky mountains ?,LOC,other,4,1530
who was the first governor of west virginia ?,HUM,ind,3,1827
"what 's the population of biloxi , mississippi ?",NUM,other,5,2158
what country was mikhail gorbachev the leader of ?,LOC,country,4,3035
who was ezra taft benson ?,HUM,desc,3,3929
what kind of sport is often associated with hooligans ?,ENTY,sport,2,596
when was the brandenburg gate in berlin built ?,NUM,date,5,3548
what city is served by mccarren airport ?,LOC,city,4,3485
how do i keep cats out of my flower garden for good ?,DESC,manner,1,4683
how many south american countries have the letter z in their names ?,NUM,count,5,243
how many hummingbird eggs could fit in one ostrich egg ?,NUM,count,5,4974
how many americans have hiv ?,NUM,count,5,2924
what was the u.s. highway death toll in 1969 ?,NUM,count,5,714
what river is windsor castle on ?,LOC,other,4,3396
what businesses in alaska were affected by the exxon valdez oil spill ?,HUM,gr,3,3902
what was the 1940 annual salary for a boilermaker ?,NUM,money,5,4805
in what nation is edessa located nowadays ?,LOC,country,4,3620
"what frenchman claimed the following ? if god did not exist , it would be necessary to invent him . ''",HUM,ind,3,4239
when was christ born ?,NUM,date,5,4191
what river does the grand coulee dam dam ?,LOC,other,4,1879
how many school districts are there in the united states ?,NUM,count,5,3957
"what baseball star turned down a $1 , 000-a-year contract because he felt he had n't earned it ?",HUM,ind,3,595
what was the name of the confederate mounted guerrilla group with which jesse james and coleman younger had ridden ?,HUM,gr,3,5040
what terror of the sea did johnny horton sing about ?,ENTY,animal,2,3158
what is website of the international court of justice ?,LOC,other,4,1272
who taught matt murdock to use his extraordinary abilities in marvel comics ?,HUM,ind,3,3132
name of heroine in `` scruples '' ?,HUM,ind,3,3429
how far can you see ?,NUM,dist,5,2551
what is color ?,DESC,def,1,616
why does the sun shine only a short time in alaska ?,DESC,reason,1,3012
what are the side effects of mevacor ?,DESC,desc,1,4513
what department store heir is responsible for raising a three-ton safe from the underwater wreckage of the andrea doria ?,HUM,ind,3,1672
where did marijuana come from ?,DESC,desc,1,1071
what is `` chicago hope '' ?,DESC,def,1,4960
what is your favorite color ?,ENTY,color,2,2539
in what state was the first co-educational college established,LOC,state,4,1148
what is a fear of sourness ?,ENTY,dismed,2,3713
where can i find the lyrics for the song ` getting married today ' from the musical ` company ' ?,LOC,other,4,1870
what football coach 's story was told in the movie run to daylight ?,HUM,ind,3,3901
how do i know how much money to save for retirement ?,DESC,manner,1,4731
what is the difference between fatalism and determinism ?,DESC,desc,1,3964
what continent pushes up the executive committee mountain range ?,LOC,other,4,2714
what is `` bloodhound '' ?,DESC,def,1,2240
what was the name of the 187s irish terrorist group in pennsylvania mining areas ?,HUM,gr,3,610
what does a deltiologist collect ?,ENTY,other,2,2084
what british tv series inspired all in the family ?,ENTY,cremat,2,3831
where can you find the venus flytrap ?,LOC,other,4,3233
what causes tuberculosis ?,DESC,reason,1,1619
what must be exceeded to produce a sonic boom ?,ENTY,other,2,5409
what organization 's offices were broken into at watergate in 1972 ?,HUM,gr,3,220
"in hemingway 's `` old man and the sea , '' what kind of fish does the old man catch ?",ENTY,animal,2,4156
"what game 's board shows the territories of irkutsk , yakutsk and kamchatka ?",ENTY,sport,2,182
what does cnn stand for ?,ABBR,exp,0,1886
what nation boarders mozambique ?,LOC,country,4,5091
what are the `` star wars '' satellites ?,DESC,def,1,3571
what 's the most delicate-tasting member of the onion family ?,ENTY,food,2,3758
what are the chances of pregnacy if the penis does not penetrate the vagina ?,NUM,perc,5,2898
who invented panties ?,HUM,ind,3,5259
what newspaper serves salt lake city ?,ENTY,cremat,2,2685
what kind of habitat does the scorpion live in ?,LOC,other,4,3972
how fast can a corvette go ?,NUM,speed,5,5287
"what stephen sondheim ballad ends : `` well , maybe next year.. . '' ?",ENTY,cremat,2,2346
what russian city used to be called st. petersburg and petrograd ?,LOC,city,4,3944
what major league baseball team compiled the best won-lost record between 1957 and 1983 ?,HUM,gr,3,5397
what is spumante ?,DESC,def,1,813
how many questions are on this thing ?,NUM,count,5,1205
what was the name of the sitcom that alyssa milano starred in with tony danza ?,ENTY,cremat,2,559
"what does r.e.m. stand for , as in the rock group r.e.m. ?",ABBR,exp,0,5005
who protects dc comics ' realm of dreams ?,HUM,ind,3,4112
what is dr. seuss ' most popular book ?,ENTY,cremat,2,3775
what are the three animals in sheila burnford 's the incredible journey ?,ENTY,animal,2,1402
rotary engine cars were made by what company ?,HUM,gr,3,5378
what was einstein 's birthplace ?,LOC,other,4,3566
"who provides telephone service in orange county , california ?",HUM,gr,3,1123
who owns the rights on a tv program ?,HUM,ind,3,4199
what four tastes can a human distinguish ?,ENTY,food,2,3553
which rockefeller was sometimes called `` jdr3 '' ?,HUM,ind,3,3117
what is object-oriented design ?,DESC,def,1,4623
what amount of folic acid should an expectant mother take daily ?,NUM,other,5,3495
where did the term `` 86 '' come from ?,DESC,desc,1,1008
what is remembrance day all about ?,DESC,desc,1,4878
how many consecutive baseball games did lou gehrig play ?,NUM,count,5,2360
what is the name given to the islamic counterpart of the red cross ?,ENTY,termeq,2,5302
where can i find the status of my tax return ?,LOC,other,4,3920
what is a fear of robbers ?,ENTY,dismed,2,4738
what is win rah ?,DESC,def,1,3339
what two presidents of the u.s. published books of poetry ?,HUM,ind,3,5062
what does a chairbound basophobic fear ?,ENTY,other,2,569
what book was f. scott fitzgerald working on when he died in hollywood in 194 ?,ENTY,cremat,2,3792
"what is the origin of the midwest slang , ` you 're darn tootin ' ?",DESC,desc,1,1452
what film did lee marvin win the 1965 best actor oscar for ?,ENTY,cremat,2,393
what does nicholas cage do for a living ?,HUM,title,3,4608
what actress starred in `` the lion in winter '' ?,HUM,ind,3,4067
what famous singing cowboy owns the california angels baseball team ?,HUM,ind,3,1006
how many sperm cells are in an average ejaculation ?,NUM,count,5,699
when will jean aeul publish her next book ?,NUM,date,5,1830
how many degrees cooler is the inside of a cucumber than the air outside ?,NUM,count,5,494
who 's the founder and editor of the national review ?,HUM,ind,3,1825
what year did rossetti paint `` beata beatrix '' ?,NUM,date,5,1211
"what woman has carried the most multiple births , twins , triplets , etc. , ?",HUM,ind,3,1269
how many oceans are there and name them ?,NUM,count,5,747
what percentage of americans own their homes ?,NUM,perc,5,722
what seven digits follow the area code in the number for long distance information ?,NUM,code,5,4312
what colors is magenta made of ?,ENTY,color,2,5122
what is the name of the deranged super-criminal otto octavius uses ?,HUM,ind,3,3771
what pope inaugurated vatican international radio ?,HUM,ind,3,5220
what is the present pope named ?,HUM,ind,3,3305
what chemical in red wine is good for the heart and what exactly does it do to your body ?,ENTY,dismed,2,3013
what caused the lynmouth floods ?,DESC,reason,1,482
what is software piracy ?,DESC,def,1,3426
how many languages does the pope speak ?,NUM,count,5,4236
where in the bible does it tell about jesus christ 's brothers and sisters ?,LOC,other,4,2554
what instrument does benny carter play ?,ENTY,instru,2,3898
what do englishmen weigh themselves in ?,NUM,weight,5,4129
what is stefan edberg 's native country ?,LOC,country,4,916
what is the mascot for notre dame university ?,ENTY,other,2,259
what is the origin of infinity ?,DESC,desc,1,4510
what is idealab ! ?,DESC,def,1,3334
what were popular songs and types of songs in the 1920s ?,ENTY,cremat,2,836
who is the current un secretary general ?,HUM,ind,3,1122
when did nixon visit china ?,NUM,date,5,4166
what is the purpose of bios ?,DESC,reason,1,3509
what is the homelite inc. home page ?,LOC,other,4,1199
name the highest mountain .,LOC,mount,4,4337
what is the chance of conceiving quadruplets ?,NUM,perc,5,1565
what is the home rule act ?,DESC,def,1,1363
what month 's third weekend is the monterey jazz festival held on ?,NUM,date,5,3219
what is the classic definition of tragic hero ?,DESC,def,1,268
how does the elongated man know a mystery is afoot ?,DESC,manner,1,3194
what is real time processing ?,DESC,def,1,1529
what player squats an average of 3 times during a baseball doubleheader ?,HUM,ind,3,2966
how many counties are in indiana ?,NUM,count,5,2523
name one of king henry viii 's wives .,HUM,ind,3,4182
what is considered the costliest disaster the insurance industry has ever faced ?,ENTY,event,2,15
what did the crocodile swallow in peter pan ?,ENTY,other,2,2935
"what was al capone finally imprisoned for , in 1931 ?",DESC,reason,1,2716
how many neurons are in the human brain ?,NUM,count,5,3475
what does robin williams do ?,HUM,title,3,4186
what causes rust ?,DESC,reason,1,1132
"what populous state covers 49 , 576 square miles ?",LOC,state,4,1736
in what film did steven spielberg 's dog star as the main character 's dog ?,ENTY,cremat,2,1858
what is the name of the president of garmat u.s.a ?,HUM,ind,3,3267
how many flavors does baskin & robbins offer ?,NUM,count,5,4462
what kind of animals were in the paleozoic era ?,ENTY,animal,2,104
what was the name of the cook on rawhide ?,HUM,ind,3,734
what line of luggage is named after a famous american flier ?,ENTY,other,2,4151
what two countries contain sierra nevada mountains ?,LOC,country,4,1166
who invented the vacuum cleaner ?,HUM,ind,3,1459
what are some interesting facts and information about dogsledding ?,DESC,desc,1,425
what 's the name of the temple that is located near the capital city of laos ?,LOC,other,4,991
when is president nixon 's birthday ?,NUM,date,5,1451
where can i find info on research being done on oilseeds thru genetics ?,LOC,other,4,2757
what asian country once thrilled to the sport of cricket fighting ?,LOC,country,4,2456
what country has declared one-fifth of its territory off-limits to russians ?,LOC,country,4,3387
what russian master spy lived in the u.s. under the name emil goldfus ?,HUM,ind,3,452
what future soviet dictator was training to be a priest when he got turned on to marxism ?,HUM,ind,3,3243
how do you handle a hungry man ?,DESC,manner,1,2637
what sea did the romans call mare nostrum ?,LOC,other,4,296
what did tristan come back as ?,ENTY,other,2,3178
what are all the southern states of the u.s. ?,LOC,state,4,5390
what sea is bombay on ?,LOC,other,4,5162
how much iron is in your body ?,NUM,count,5,3963
what are the two largest birds on earth ?,ENTY,animal,2,1629
how do windmills work ?,DESC,manner,1,2466
"what is the meaning of w.b. yeat 's poem , `` the three hermits ? ''",DESC,def,1,810
what country imposed the berlin blockade in 1948 ?,LOC,country,4,3967
what species is a colt ?,ENTY,animal,2,848
how do ants have sex ?,DESC,manner,1,3793
what 's the fifth-largest country in the world ?,LOC,country,4,2682
why are so many umbrellas black ?,DESC,reason,1,3952
what building built in 18 contains 327 miles of book shelves ?,LOC,other,4,3236
who said : `` what contemptible scoundrel stole the cork from my lunch ? '',HUM,ind,3,2707
what does a man suffering from diphallic terata have ?,ENTY,dismed,2,5258
what is saltpeter ?,DESC,def,1,1642
when did world war i start ?,NUM,date,5,263
who makes the `` die hard '' car battery ?,HUM,ind,3,4134
what generation am i in ?,ENTY,other,2,1090
what is the name of a salt lake city newspaper ?,ENTY,cremat,2,2364
who played humpty dumpty in the 1933 film alice in wonderland ?,HUM,ind,3,1206
what baseball player was walked the most times ?,HUM,ind,3,2837
what game is fatal to anybody over 21 ?,ENTY,sport,2,1159
what is the size of argentina ?,NUM,volsize,5,2343
where did bocci originate ?,LOC,other,4,1953
where can i buy a pony on the big island for my daughter ?,LOC,other,4,5250
what morris west novel deals with russian bishop who becomes pope ?,ENTY,cremat,2,5090
how many people were executed for abraham lincoln 's assassination ?,NUM,count,5,1707
what is a fear of crystals or glass ?,ENTY,dismed,2,2766
who invented the paper clip ?,HUM,ind,3,1649
what is the fastest computer ?,ENTY,product,2,3695
what famed gangland slaughter cut into the membership of bugs moran 's outfit ?,ENTY,event,2,3190
what did walter huston remove to perform in the movie the treasure of the sierra madre ?,ENTY,other,2,2211
what is a hydrogen bond ?,DESC,def,1,2530
what was the favorite sport of tom wolfe 's the pump house gang ?,ENTY,sport,2,1078
what soviet leader owned a rolls-royce ?,HUM,ind,3,376
what is the origin of u.s. army sergeant 's stripes ?,DESC,desc,1,5198
what does nafta stand for ?,ABBR,exp,0,829
"who graced the airwaves with such pearls as `` do ya lo-o-ove me ? get naked , baby ! '' ?",HUM,ind,3,646
what cherokee indian gave his name to a tree ?,HUM,ind,3,1563
what is srpska krajina ?,DESC,def,1,5110
what is the website for the usa journal ?,LOC,other,4,1485
how many minutes were there on the original ge college bowl clock ?,NUM,count,5,1270
what was the name of the ball game played by the mayans ?,ENTY,sport,2,1576
when was dubai 's first concrete house built ?,NUM,date,5,4876
name a golf course in myrtle beach .,ENTY,other,2,29
who is the richest person in the world ?,HUM,ind,3,5267
where did surfing originate ?,LOC,other,4,3883
what does caliente translate to in english ?,ENTY,termeq,2,2829
how many astronauts have been on the moon ?,NUM,count,5,1275
what is the former name of zimbabwe ?,ENTY,termeq,2,1322
what causes panic attacks ?,DESC,reason,1,1188
what astronomer-architect designed the present st. paul 's cathedral in london ?,HUM,ind,3,3951
how many teats does a female goat sport ?,NUM,count,5,2930
what shakespearean play featured shylock ?,ENTY,cremat,2,5362
which leg does a cat move with its left front leg when walking - its left rear or right rear leg ?,ENTY,body,2,2091
why do some people have two different color eyes ?,DESC,reason,1,2090
what is a jake brake ?,DESC,def,1,2186
what is smartnet ?,DESC,def,1,3367
how come a doughnut has a hole in it ?,DESC,reason,1,3934
"what two japanese cities are spelled with the letters k , o , o , t and y ?",LOC,city,4,3130
"who said , `` i shall return . '' during world war two ?",HUM,ind,3,987
what is goldenseal ?,DESC,def,1,2604
what title did suzette charles assume for two months in 1984 ?,HUM,title,3,1022
who was confucius ?,HUM,desc,3,4537
how do birds have sex ?,DESC,manner,1,2795
what was the name of the u.s. navy gunboat in the film the sand pebbles ?,ENTY,veh,2,4917
how hot does the inside of an active volcano get ?,NUM,temp,5,2333
what is a handheld pc ?,DESC,def,1,1144
what is dudley do-right 's horse 's name ?,ENTY,animal,2,372
what 1920s cowboy star rode tony the wonder horse ?,HUM,ind,3,46
what european race sees the winner of its mountain stage awarded a jersey with large red polka dots ?,ENTY,sport,2,4590
what brand of jeans did calvin klein admit in a 1984 interview he felt more comfortable wearing ?,ENTY,product,2,3020
what record company produced the 1978 movie the wiz ?,HUM,gr,3,1212
where was poe born ?,LOC,other,4,2764
"what is the origin and the meaning of the name , `` hajo ? ''",DESC,desc,1,718
why can 't ostriches fly ?,DESC,reason,1,2165
what is a fear of hell ?,ENTY,dismed,2,1091
who won the superbowl in ?,HUM,ind,3,2674
name the four horsemen of the apocalypse .,HUM,ind,3,5016
what nationality is ileana cotrubas ?,LOC,country,4,3766
who was randy steven craft 's lawyer ?,HUM,ind,3,502
who is king in alley oop 's home of moo ?,HUM,ind,3,3552
what causes `` rolling thunder '' ?,DESC,reason,1,1918
how did the war of 1812 affect delaware ?,DESC,manner,1,2669
who was made the first honorary citizen of the u.s. ?,HUM,ind,3,1228
who 's played the most games for the new york yankees ?,HUM,ind,3,2638
what is the recipe or formula for coca-cola ?,ENTY,food,2,5252
what are the residents of the island of lesbos called ?,HUM,gr,3,3076
what tragedy befell the city of dogtown in 1899 ?,ENTY,event,2,1028
how do i find out the exact time of a sunset for a particular day ?,DESC,manner,1,4899
how many people did randy craft murder ?,NUM,count,5,3698
what was the eighth day following the nones in each month of the roman calendar called ?,ENTY,termeq,2,3444
who was the prophet of the jewish people ?,HUM,ind,3,4872
where can i find a list of all the companies in america that offer a direct stock purchase plan ?,LOC,other,4,1180
how did the bikini bathing suite get its name ?,DESC,manner,1,1325
name the operating system that runs on ibm-compatible machines .,ENTY,other,2,603
what is the fear of being loved ?,ENTY,dismed,2,706
how does a parachute work ?,DESC,manner,1,4617
who earns their money the hard way ?,HUM,ind,3,150
what apollo 11 astronaut minded the store while armstrong and aldrin made history ?,HUM,ind,3,1803
"why are sometimes your hands cold , but the rest of you isn 't ?",DESC,reason,1,5432
what credit card features a centurion on its face ?,ENTY,other,2,2544
how big is the largest diamond ?,NUM,volsize,5,4897
what three colors of ink are used to print a u.s. dollar bill ?,ENTY,color,2,4835
which side of the face do most artists tend to show more of in self-portraits ?,ENTY,other,2,2582
what former african leader held his country 's boxing title for nine years ?,HUM,ind,3,4216
what does a&w of root beer fame stand for ?,ABBR,exp,0,2741
in what part of the world is mozambique ?,LOC,other,4,3633
what was the only country you were allowed to drive into israel from in 1979 ?,LOC,country,4,593
how long does a pig 's orgasm last ?,NUM,period,5,5055
what trophy is awarded to the winners of the super bowl ?,ENTY,other,2,2243
what is the name of the managing director of apricot computer ?,HUM,ind,3,183
what did esquire name ash hole of the year for 1980 ?,ENTY,other,2,5024
whose old london come-on was : `` buy my sweet lavender '' ?,HUM,ind,3,4146
where is qatar ?,LOC,other,4,4062
what is an arab strap ?,DESC,def,1,1120
what two european countries are joined by the gran san bernardo pass ?,LOC,country,4,4593
what country contains the westernmost point in south america ?,LOC,country,4,4523
what information can you get me on fairground park in st. louis,DESC,desc,1,921
what south american country won its first world cup soccer title in 1978 ?,LOC,country,4,5367
which ear can most people hear better with ?,ENTY,body,2,2276
"to get the most caffeine , what soda should i drink ?",ENTY,food,2,3663
what is making love ?,DESC,def,1,4058
what were the cities of dickens 's a tale of two cities ?,LOC,city,4,1972
who was jinnah ?,HUM,desc,3,5023
what is the taj majal made of ?,ENTY,substance,2,3930
"how much does it cost to have a tree planted by dialing , 900 , 740-tree ?",NUM,money,5,2728
"what architect originated the glass house designed the chicago federal center had a philosophy of `` less is more , '' and produced plans that were the forerunner of the california ranch house ?",HUM,ind,3,3372
what was the name of the famous battle between texas and mexico ?,ENTY,event,2,1779
who was the pride of the yankees ?,HUM,ind,3,13
what are some ways to help someone with chicken pox ?,ENTY,techmeth,2,4898
what are super balls made of ?,ENTY,substance,2,4040
how long does the average domesticated ferret live ?,NUM,period,5,4981
give a reason for american indians oftentimes dropping out of school .,DESC,reason,1,421
"what garment was named for bradley , voorhees and day ?",ENTY,product,2,2793
how many people visit the pope each month ?,NUM,count,5,5279
"what events happened january 26 , 1978 ?",ENTY,event,2,888
how many months does it take the moon to revolve around the earth ?,NUM,count,5,170
what makes a clitoris sensitive ?,DESC,reason,1,522
why is jane goodall famous ?,DESC,reason,1,2504
what is money made of ?,ENTY,substance,2,3030
who wrote sons and lovers ?,HUM,ind,3,1557
what was the first minimum wage ?,NUM,money,5,4085
what school does tom attend in tom brown 's school days ?,HUM,gr,3,4009
what is the abbreviation for micro ?,ABBR,abb,0,305
how does marl form and what mineral does it contain ?,DESC,manner,1,3710
what was the vietnam war ?,DESC,def,1,2862
when did charles lindbergh die ?,NUM,date,5,5438
what country did the romans call hibernia ?,LOC,country,4,3163
stuart hamblen is considered to be the first singing cowboy of which medium ?,ENTY,cremat,2,4992
what city is . kdge radio located in ?,LOC,city,4,3478
how fast does the fastest car go ?,NUM,speed,5,670
what kentucky city calls itself the horse center of america ?,LOC,city,4,1432
how much can a person be fined for having a dog on a beach ?,NUM,money,5,4297
what shape-shifting menace did rom come to earth to fight ?,ENTY,other,2,5214
what 19th-century writer had a country estate on the hudson dubbed sunnyside ?,HUM,ind,3,731
what gate opened on east and west berlin ?,LOC,other,4,3004
how many seats does the batmobile sport ?,NUM,count,5,2816
when did the carolingian period begin ?,NUM,date,5,2846
what did the gas house gang play ?,ENTY,other,2,1214
what caused the division between the anglicans and the vatican ?,DESC,reason,1,5187
what russian seaport has a name meaning `` lord of the east '' ?,LOC,city,4,2995
how many flavors of ice cream does howard johnson 's have ?,NUM,count,5,4633
what 's an easy way to count the approximate number of fish in a lake ?,ENTY,techmeth,2,1939
what 's the middle name of movie producer joseph e. levine ?,HUM,ind,3,5338
what is a fear of drinking ?,ENTY,dismed,2,2455
when did mount st. helens last erupt ?,NUM,date,5,3672
what south american capital is the world 's highest ?,LOC,city,4,2518
who starred in singing in the rain and the singing nun ?,HUM,ind,3,75
which language has the most words ?,ENTY,lang,2,2193
when was yemen reunified ?,NUM,date,5,1711
what country has the port of haifa ?,LOC,country,4,2598
who was the only person convicted in the my lai massacre ?,HUM,ind,3,5372
how do i find out about jobs ?,DESC,manner,1,1038
who is charles lindbergh ?,HUM,desc,3,4059
why is the development of space so important ?,DESC,reason,1,2874
saddam hussein was compared to whom by president bush ?,HUM,ind,3,2322
what is a cake of soap ?,DESC,def,1,3295
what is the largest natural lake in pennsylvania ?,LOC,other,4,1499
how do you clean badly tarnished brass ?,DESC,manner,1,3783
what is celebrated during the week of february 21-27 ?,ENTY,event,2,1977
how is the element strontium purified ?,DESC,manner,1,1572
"what became the biggest cash crop in the u.s. in 1983 , surpassing corn ?",ENTY,food,2,2668
where can i find information on the cyclone that hit new jersey on 8/28/1941 ?,LOC,other,4,1221
which country is australia 's largest export market ?,LOC,country,4,686
who is the prime minister of japan ?,HUM,ind,3,2965
what is the difference between ninjitsu and kung fu ?,DESC,desc,1,4759
why do they call it a `` funny bone '' ?,DESC,reason,1,3664
what does a tarantula eat ?,ENTY,food,2,1585
what country do the galapagos islands belong to ?,LOC,country,4,51
when did nostradamus believe world war iii would begin ?,NUM,date,5,2556
what are the top 5 tallest buildings in the world ?,LOC,other,4,4514
who won the rugby world cup in ?,HUM,ind,3,4069
who was the lawyer for randy craft ?,HUM,ind,3,4394
what is the most popular last name ?,HUM,ind,3,5144
what 's the difference between j.d. and ll.m. ?,DESC,desc,1,1643
why do the chickenpoxs last so long ?,DESC,reason,1,2413
who invented the road traffic cone ?,HUM,ind,3,2479
what is a fear of touching ?,ENTY,dismed,2,2442
what exactly is the purpose of the anteater ?,DESC,reason,1,4836
ray charles is best known for playing what instrument ?,ENTY,instru,2,3191
how can someone become a federal agent ?,DESC,manner,1,1648
what does msg stand for ?,ABBR,exp,0,3299
"who was the bandleader mentor of ella fitzgerald with whom she cowrote `` a_tisket , a-tasket '' ?",HUM,ind,3,4564
what was simple simon fishing for in his mother 's pail ?,ENTY,other,2,3985
how many men died building the mackinaw bridge ?,NUM,count,5,5350
which gender has bigger thighs ?,ENTY,other,2,1490
how long does it take for spider-man 's web to evaporate ?,NUM,period,5,501
what river runs through liverpool ?,LOC,other,4,3054
how many points is a bullseye worth in darts ?,NUM,count,5,3761
"in beetle bailey , can you name sarge 's dog ?",ENTY,animal,2,4422
how many pins are used in skittles ?,NUM,count,5,4072
how can i find out what year a beanie baby was introduced ?,DESC,manner,1,267
what 's a perfect score in a gymnastics exercise ?,NUM,other,5,2060
how long ago was the roe vs. wade decision by the supreme court ?,NUM,period,5,4481
what 's the home of the rockettes ?,LOC,other,4,1475
what is the temperature for baking peachy oat muffins ?,NUM,temp,5,564
who was the author of the famous fairy tale `` snow white and seven dwarfs '' ?,HUM,ind,3,2719
in the past 8 years who have the mvp players for the nhl been ?,HUM,ind,3,3539
how did socrates die ?,DESC,manner,1,4228
"where is hearst castle , built by publisher william randolph hearst ?",LOC,other,4,1300
what movie did madilyn kahn star in with gene wilder ?,ENTY,cremat,2,485
what is the definition of spamming ?,DESC,def,1,4103
where is the loop ?,LOC,other,4,61
what city does orly airport serve ?,LOC,city,4,3807
how often are brain cells replaced ?,NUM,count,5,4520
how much does a poodle weigh ?,NUM,weight,5,2654
how do i write to my congressman ?,DESC,manner,1,1775
what famous british actor lost his voice after an operation in 1966 ?,HUM,ind,3,3055
what kind of patent did ermal fraze get in 1963 ?,ENTY,other,2,1487
what company was the original sponsor of tv 's superman ?,HUM,gr,3,1309
what is the executor in a will ?,DESC,def,1,1101
how can anyone tell if a female had sexual intercourse ?,DESC,manner,1,1580
why are there no white lines on pro footballs ?,DESC,reason,1,2904
what knighted actor narrates tv 's the world at war ?,HUM,ind,3,3899
who 's the lead singer of the led zeppelin band ?,HUM,ind,3,4800
what european country is home to the beer-producing city of budweis ?,LOC,country,4,289
what were the first words spoken on a film sound track ?,DESC,desc,1,3207
what stereo manufacturer is `` slightly ahead of its time '' ?,HUM,gr,3,488
what 's the american dollar equivalent for 8 pounds in the u.k. ?,NUM,count,5,4525
"what country , after canada and mexico , is closest to the u.s. ?",LOC,country,4,2218
what is the origin of the word `` mind '' ?,DESC,desc,1,1157
how many questions do you have on your database ?,NUM,count,5,1332
define cosmology .,DESC,def,1,1296
what is the geographical center of the us including alaska and hawaii ?,LOC,other,4,2581
where do rocks come from ?,DESC,desc,1,554
how many objects orbit the earth ?,NUM,count,5,4719
when was the first practical commercial typewriter marketed ?,NUM,date,5,3870
"what product `` doubles your pleasure , doubles your fun '' ?",ENTY,product,2,3016
what developed a crack in 1835 while tolling the death of u.s. chief justice john marshall ?,ENTY,other,2,2019
how many people was randy craft convicted of killing ?,NUM,count,5,1778
how do you say `` eat the day '' in latin ?,ENTY,termeq,2,4039
how long do hermit crabs live ?,NUM,period,5,2732
what hermann hesse book gave its name to a rock group ?,ENTY,cremat,2,1505
what does gringo mean ?,DESC,def,1,189
what civil war general wreaked havoc on the south by marching through georgia on his way to the sea ?,HUM,ind,3,2250
what is the average life expectancy of a male in ireland in 1996 ?,NUM,period,5,2464
what nationality is pope john paul ii ?,LOC,country,4,3106
"the italian artist , maurizio pellegrin , is how old ?",NUM,period,5,798
who was the president of vichy france ?,HUM,ind,3,2781
when did spielberg direct `` jaws '' ?,NUM,date,5,283
what is a fear of passing high objects ?,ENTY,dismed,2,680
cpr is the abbreviation for what ?,ABBR,exp,0,5068
when is a woman most fertile ?,NUM,date,5,3017
who wrote ` the pines of rome ' ?,HUM,ind,3,2202
what is a fear of parasites ?,ENTY,dismed,2,688
define spumante .,DESC,def,1,5012
what were first used by john l. sullivan and james j. corbett in 1892 ?,ENTY,other,2,4196
what is the difference between college and graduate school ?,DESC,desc,1,2514
"what year did degas create the bronze sculpture , `` fourth position front ? ''",NUM,date,5,1657
"what john steinbeck novel portrays the joad family , driven from the oklahoma dustbowl ?",ENTY,cremat,2,2751
garry kasparov plays what game ?,ENTY,sport,2,2653
what is the origin of the word `` amen '' ?,DESC,desc,1,3081
what people make up half the soviet union 's population ?,HUM,gr,3,5436
what are the alveoli ?,DESC,def,1,2014
where are the union stockyards ?,LOC,other,4,2207
what is a leper ?,DESC,def,1,3565
which magazine is `` fine entertainment for men '' ?,ENTY,cremat,2,5363
what is the only primate to lack pigment in the palms of its hands ?,ENTY,animal,2,2418
what tom wolfe book is about the mercury astronauts ?,ENTY,cremat,2,3582
what is the function of ram ?,DESC,reason,1,385
what city did the mormons establish as their headquarters in 1847 ?,LOC,city,4,2624
what is a fear of night or darkness ?,ENTY,dismed,2,4530
who was thucydides ?,HUM,desc,3,1571
which vietnamese terrorist is now a un delegate in doonesbury ?,HUM,ind,3,1528
what georgia town did scarlett o 'hara condemn as being full of pushy people ?,LOC,city,4,4256
"what islands got their name from the spanish baja mar , meaning shallow water ?",LOC,other,4,2035
what colors make up a rainbow ?,ENTY,color,2,3180
who are the top 10 richest people in the world ?,HUM,ind,3,4995
what countries have the most auto thefts ?,LOC,country,4,3827
what century 's the setting for tv 's the adventures of robin hood ?,NUM,date,5,3568
how old was lucille ball when the show `` i love lucy '' premiered ?,NUM,period,5,3757
what shakespeare play opens with the line : `` now is the winter of our discontent.. . '' ?,ENTY,cremat,2,4938
what articles of clothing are tokens in monopoly ?,ENTY,other,2,22
where is ocho rios ?,LOC,other,4,1338
why was muhammad ali stripped of his title and barred from boxing in 1967 ?,DESC,reason,1,1385
what do camels store in their humps ?,ENTY,other,2,1603
what is the meaning of `` subaru ? '',DESC,def,1,3613
about how many soldiers died in world war ii ?,NUM,count,5,3451
what is the average time to kiss somene ?,NUM,period,5,3811
what country has the largest sheep population ?,LOC,country,4,515
where is webster university ?,LOC,other,4,3974
how old is bernadette peters ?,NUM,period,5,2298
what foods contain the most protein ?,ENTY,food,2,2042
what state is mount mckinley in ?,LOC,state,4,2428
"which mammal lives , breeds , eats , and sleeps underground ?",ENTY,animal,2,4079
how much could you rent a volkswagen bug for in 1966 ?,NUM,money,5,4925
how do you identify prime numbers ?,DESC,manner,1,2694
how would someone go about becoming an organ donor ?,DESC,manner,1,1656
what 's the american dollar equivalent for 8 pounds in the u.k. ?,NUM,count,5,348
"why do some jets have a vapor trail , and others do not ?",DESC,reason,1,5139
"what country has the most time zones , with 11 ?",LOC,country,4,523
what product on the market is good for hiding facial scars ?,ENTY,product,2,536
what information can you tell me about actor james cromwell ?,HUM,desc,3,2126
what was the distinguishing mark on the `` little rascals '' dog ?,ENTY,symbol,2,1535
"what kind of creatures are black , yellow , and brown bullheads ?",ENTY,animal,2,4952
name the food company that traveled to soviet georgia to film a series of ads .,HUM,gr,3,1408
"which came first , according to genesis 1 : 2 : 22 - the chicken or the egg ?",ENTY,animal,2,298
where are some great educational resources for parents and teachers ?,LOC,other,4,3110
where does the santa fe trail begin and end ?,LOC,other,4,1506
what video game hero do some of his fans call chomper ?,HUM,ind,3,597
what snack food has ridges ?,ENTY,food,2,4538
what is the population of the united states ?,NUM,other,5,4101
name the university of which woodrow wilson was president .,HUM,gr,3,1370
what is a geoscientist ?,DESC,def,1,3616
what are the odds of giving birth to twins ?,NUM,perc,5,1498
what was the chivington massacre ?,DESC,def,1,950
which city has the oldest relationship as a sisterðcity with los angeles ?,LOC,city,4,66
what does robert mean ?,DESC,def,1,5120
when did the dow first reach ?,NUM,date,5,865
who portrayed carl bernstein in all the president 's men ?,HUM,ind,3,2918
what was the first lifesaver flavor ?,ENTY,food,2,491
what 's a male witch called ?,ENTY,termeq,2,3166
what famous husband-and-wife team did radio ads for blue nun wine ?,HUM,ind,3,5029
how can i find a phone number of someone if i only know their email address ?,DESC,manner,1,677
when was the first barbie produced ?,NUM,date,5,2092
what hollywood dog died in the arms of jean harlow in 1932 ?,ENTY,animal,2,134
where do lobsters like to live ?,LOC,other,4,4764
aspartame is known by what other name ?,ENTY,termeq,2,1874
what is the frequency of vhf ?,NUM,other,5,4735
what is the speed of the mississippi river ?,NUM,speed,5,370
what mustachioed comedian portrayed frankie in north to alaska ?,HUM,ind,3,1394
who is the voyager project manager ?,HUM,ind,3,1468
what makes hamburgers taste like steakburgers ?,DESC,reason,1,209
by how much will the california state gas tax rise by the year 2000 ?,NUM,money,5,3744
what are the five richest countries in the world ?,LOC,country,4,4388
what kind of hat does bat masterson wear ?,ENTY,product,2,1255
what british commander surrendered to george washington at yorktown in 1781 ?,HUM,ind,3,3263
what two south american countries do n't border brazil ?,LOC,country,4,157
name a civil war battlefield .,LOC,other,4,2520
who wrote brave new world ?,HUM,ind,3,3252
what do ladybugs eat ?,ENTY,food,2,3928
what is the speed of the mississippi river ?,NUM,speed,5,352
how big is a baby bald eagle ?,NUM,volsize,5,3686
what are names of two old men who appear in the serial tv muppets show ?,HUM,ind,3,1726
in what year was actress joan collins born ?,NUM,date,5,2586
what is the deepest area of the arctic ocean ?,LOC,other,4,323
where is the rose bowl played ?,LOC,other,4,165
what is the bernoulli principle ?,DESC,def,1,3101
when did the `` star-spangled banner '' become the national anthem ?,NUM,date,5,1170
what is the formula to calculate pi ?,ENTY,techmeth,2,2070
who are the challengers of the unknown ?,HUM,gr,3,361
what do i have to do to get good grades in school ?,DESC,manner,1,3549
what united states city produces the most oil ?,LOC,city,4,2373
what does the name `` sabrina '' mean ?,DESC,def,1,1587
what are the names of all the seas in the world and what ocean do they drain into ?,LOC,other,4,4335
what college did dikembe mutombo play basketball for ?,HUM,gr,3,3577
what weapon did the crossed slits in english castles accommodate ?,ENTY,other,2,4634
how many grammys did michael jackson win in 1983 ?,NUM,count,5,1074
where did hillary clinton graduate college ?,LOC,other,4,5119
which sex is twice as likely to contract leprosy ?,ENTY,other,2,1673
why can 't women serve in the navy on board submarines ?,DESC,reason,1,1639
who was the lawyer who represented randy steven craft ?,HUM,ind,3,2932
what are the seven wonders of the world ?,ENTY,other,2,1885
who is actress goldie hawn 's current actor boyfriend ?,HUM,ind,3,890
what 's the term for an organism that lives on or in another ?,ENTY,termeq,2,2337
"who claimed he killed 4 , 280 buffalo as food for the crew building the kansas pacific railway ?",HUM,ind,3,726
where is one 's corpus callosum found ?,LOC,other,4,4713
what are the numbers that fit into fermont 's last theorem ?,NUM,other,5,2919
who was the first american in space ?,HUM,ind,3,156
where can i find the names of all the 15 pokemon ?,LOC,other,4,869
what is crabgrass ?,DESC,def,1,2498
what baseball team was routinely called `` dem bums '' by its frustrated fans ?,HUM,gr,3,1234
how does the speed the magnet spins in a generator affect the output of the generator ?,DESC,manner,1,2860
who bestowed great power upon captain britain ?,HUM,ind,3,4686
what are fingernails made of ?,ENTY,substance,2,2112
how can i look up someone 's e-mail address on the internet ?,DESC,manner,1,5349
how long was the longest sneezing attack ?,NUM,period,5,4157
what is the origin of thank you notes ?,DESC,desc,1,5359
what do italians call florence ?,ENTY,termeq,2,293
where is the world 's most active volcano located ?,LOC,other,4,5309
how much did a knight 's armor weigh ?,NUM,weight,5,4046
what does god create in the first sentence of the bible ?,ENTY,other,2,978
what famed river was hernando de soto the first european to see ?,LOC,other,4,4188
what new england state covers 5.9 square miles ?,LOC,state,4,3910
for what disease is the drug sinemet used as a treatment ?,ENTY,dismed,2,4919
what country boasts ismail 's palace and the palace of king farouk ?,LOC,country,4,3841
what company named one of its pens `` the banana '' ?,HUM,gr,3,4127
what country in 1998 had the most suicides regardless of population size ?,LOC,country,4,3416
who started the dominos pizza chain ?,HUM,ind,3,1857
in which state are the mark twain national forests ?,LOC,state,4,2271
where are good science sites on the internet ?,LOC,other,4,4627
who killed martin luther king ?,HUM,ind,3,4198
what is the definition of `` chancery '' file in real estate ?,DESC,def,1,2632
what honeymooners actress did television magazine name as 1953 's most promising star ?,HUM,ind,3,1638
what is the chemical formula for napalm ?,ENTY,symbol,2,4958
what trade did the 15th and 16th century portuguese hope to control between asia and europe ?,ENTY,other,2,4080
what is occam 's razor ?,DESC,def,1,2799
who has the only speaking role in `` silent movie '' ?,HUM,ind,3,312
what are snowballs to a hot-rodder ?,DESC,def,1,1912
on which flight did fawaz younis commit air piracy and hostage taking ?,ENTY,veh,2,2103
how do you get a girl to have sex with you ?,DESC,manner,1,2133
what spanish artist painted crucifixion ?,HUM,ind,3,495
what are the most common elements in the earth 's crust ?,ENTY,substance,2,135
what is the price for aaa 's liability auto insurance ?,NUM,money,5,4347
how big is the universe actually ?,NUM,volsize,5,5178
when did theo rousseau paint the `` forest of fontaine '' ?,NUM,date,5,2665
how do you solve `` rubik 's cube '' ?,DESC,manner,1,791
what 's the name of tom sawyer 's aunt with whom he lives ?,HUM,ind,3,4041
how much stronger is the new vitreous carbon material invented by the tokyo institute of technology compared with the material made from cellulose ?,NUM,count,5,4934
what was spawned the term `` mig alley '' ?,ENTY,termeq,2,4507
who produces spumante ?,HUM,gr,3,149
how many letters appear with the numbers 2 to 9 on a telephone dial ?,NUM,count,5,4661
what river runs through liverpool ?,LOC,other,4,3670
what is the largest museum in the world ?,LOC,other,4,5225
what is toulmin logic ?,DESC,def,1,1759
what was the first english play written exclusively for children ?,ENTY,cremat,2,2927
the film `` jaws '' was made in what year ?,NUM,date,5,2686
what makes salt ?,DESC,reason,1,3993
how many `` no '' answers was the what 's my line ? panel allowed ?,NUM,count,5,2968
what is a fear of ruin ?,ENTY,dismed,2,3826
what direction do most baseball pitchers pitch toward ?,LOC,other,4,4445
what name did football 's new york titans adopt in 1963 ?,HUM,gr,3,4845
what are the lyrics to the star spangled banner ?,DESC,desc,1,2519
"what according to the kinsey institute , is the sexual preference of four percent of american males ?",DESC,desc,1,3264
what is dr. ruth 's last name ?,HUM,ind,3,5334
what year was desmond mpilo tutu awarded the nobel peace prize ?,NUM,date,5,1017
what does iq stand for ?,ABBR,exp,0,4105
"who wrote the book , `` huckleberry finn '' ?",HUM,ind,3,4820
what type is a snail ?,ENTY,animal,2,4028
what is a hyperlink ?,DESC,def,1,1069
how old is benny carter ?,NUM,period,5,3330
who killed caesar ?,HUM,ind,3,2444
what famous communist leader died in mexico city ?,HUM,ind,3,4366
what is the literal meaning of `` d-day '' ?,DESC,def,1,2405
why did the shea & gould law firm leave los angeles ?,DESC,reason,1,3517
what well-known actor is the father of star alan alda ?,HUM,ind,3,2340
what longtime game show host dropped dead while jogging in central park in 1984 ?,HUM,ind,3,809
how many miles of corridors are in the pentagon ?,NUM,count,5,5070
what caribbean cult did marcus garvey originate ?,ENTY,religion,2,5325
what non-conformist abstract painter was dubbed jack the dripper by time ?,HUM,ind,3,3683
what are all the rivers in europe ?,LOC,other,4,2673
what operating system do ibm-compatible machines use ?,ENTY,product,2,2958
name alvin 's brothers,HUM,ind,3,201
who is rocky 's and bullwinkle 's ever-lost friend ?,HUM,ind,3,3452
where did george of the jungle live ?,LOC,other,4,2912
who turned all he touched to gold ?,HUM,ind,3,3160
how far do you have to run if you hit a home run ?,NUM,dist,5,701
what ocean surrounds the madeira islands ?,LOC,other,4,4365
where can i find a case on americans with disabilities act of 199 ?,LOC,other,4,3504
what animals did the amazing three masquerade as ?,ENTY,animal,2,1324
who played the original charlie 's angels ?,HUM,ind,3,455
when did cnn begin broadcasting ?,NUM,date,5,91
what are maid-rites ?,DESC,def,1,1597
when do you plant winter wheat ?,NUM,date,5,2521
what 's the favorite food of dragonflies ?,ENTY,food,2,4606
what 's the world 's most common compound ?,ENTY,substance,2,5335
who seized power from milton obote in 1971 ?,HUM,ind,3,2331
name the ranger who was always after yogi bear .,HUM,ind,3,505
name the vessel used by the atari force in the dc comics .,ENTY,veh,2,912
"what is it that walks on four legs , then on two legs , then on three ?",ENTY,other,2,4131
who was the first english circumnavigator of the globe ?,HUM,ind,3,3639
what device provided a new way to listen to music in 1963 ?,ENTY,other,2,2590
who invented the game bowling ?,HUM,ind,3,2047
how many cities are there in utah ?,NUM,count,5,3286
who appointed the chair of the federal reserve ?,HUM,ind,3,3660
for what reason did the shea & gould law firm close their l.a. office ?,DESC,reason,1,2759
who are woody woodpecker 's niece and nephew ?,HUM,ind,3,3634
what is the name of the family circus 's dog ?,ENTY,animal,2,3460
how did asia get its name ?,DESC,manner,1,4916
how do i find a snowboarding website ?,DESC,manner,1,4295
what is a movie that kevin costner made about sioux indians ?,ENTY,cremat,2,4491
what four tournaments make up tennis ' grand slam ?,ENTY,sport,2,2824
who commanded the french forces at the battle of orleans ?,HUM,ind,3,3143
what jockey won 17 triple crown races ?,HUM,ind,3,2327
what is the distinction of erle stanley gardner 's the case of the terrified typist ?,DESC,desc,1,3070
what did martin luther post on the church door at wittenberg ?,ENTY,other,2,3461
how many mines can still be found in the falklands after the war ended ?,NUM,count,5,4369
on what t.v. show could tom terrific be found ?,ENTY,cremat,2,175
what is a golf ball made of ?,ENTY,substance,2,607
what was the name of the flight that fawaz younis hijacked ?,ENTY,veh,2,4215
what does the double-o indicate in 007 ?,DESC,def,1,5412
what do the red-and-white stripes on a barbershop pole stand for ?,DESC,def,1,5074
what are different products of petroleum ?,ENTY,product,2,2152
what muhammad ali maneuver was george foreman the first victim of ?,ENTY,techmeth,2,5315
what country contains africa 's northernmost point ?,LOC,country,4,190
what is the only gland in humans that can regenerate itself ?,ENTY,body,2,917
what is the current ticket fare from from cairo to barbados ?,NUM,money,5,980
what does the name `` justin '' mean ?,DESC,def,1,604
what country is bounded in part by the indian ocean and coral and tasman seas ?,LOC,country,4,5311
what 's the most popular contact lens color ?,ENTY,color,2,1971
who would you use the heimlich maneuver on ?,HUM,ind,3,4821
who used to make cars with rotary engines ?,HUM,gr,3,5441
what u.s. state does the continental divide leave to enter canada ?,LOC,state,4,3538
how much does one ton of cement cost ?,NUM,money,5,4221
how high must a mountain be to be called a mountain ?,NUM,dist,5,4362
how much money does a back injury lawsuit get ?,NUM,money,5,118
what is greek pita ?,DESC,def,1,2329
what does it mean `` rupee depreciates '' ?,DESC,def,1,364
what was the name of `` the muppets '' creator ?,HUM,ind,3,2850
what is the name for clouds that produce rain ?,ENTY,termeq,2,2301
what 's the second-highest mountain in the world ?,LOC,mount,4,3127
who was the first taiwanese president ?,HUM,ind,3,1513
what is the highest continent ?,LOC,other,4,5440
how is silk screening done ?,DESC,manner,1,325
"what tv comedian worked with white fang , black tooth and pookie the lion ?",HUM,ind,3,4939
what is a person 's socioeconomic position ?,DESC,def,1,5001
"who was the first american poet to win the nobel prize for literature , in 1948 ?",HUM,ind,3,356
where 's the petrified forest ?,LOC,other,4,873
"what were baffin , frobisher and franklin looking for ?",ENTY,other,2,3084
what does ph stand for ?,ABBR,exp,0,5013
what is the best online games site ?,LOC,other,4,3291
"name the company that used the line , `` even your best friend won 't tell you '' in its ad ?",HUM,gr,3,2392
who portrayed sherlock holmes in 14 films between 1939 and 1946 ?,HUM,ind,3,2873
what did the yalta conference lead to ?,ENTY,other,2,1640
what well-known tv talk show host was a lay preacher by the time he was seventeen ?,HUM,ind,3,2245
what is the `` 7-minute cigarette '' ?,DESC,def,1,225
what does snafu stand for ?,ABBR,exp,0,3960
which comic book was not spawned directly from the pulp magazines ?,ENTY,cremat,2,2659
what stringed weapon fires a bolt ?,ENTY,other,2,1843
what is film noir ?,DESC,def,1,1616
what does a woman want ?,ENTY,other,2,2532
what is the orgin of xoxoxox ?,DESC,desc,1,3272
what is the nickname of the famous flyer who mistakenly flew to ireland instead of to los angeles ?,HUM,ind,3,2692
what is the name of the chronic neurological autoimmune disease which attacks the protein sheath that surrounds nerve cells causing a gradual loss of movement in the body ?,ENTY,dismed,2,713
how often are quadruplets born ?,NUM,other,5,1880
who was jane goodall ?,HUM,desc,3,1521
where does your hair grow the fastest ?,ENTY,body,2,462
what future president became senate majority whip under harry truman ?,HUM,ind,3,1546
what is `` the washed vodka '' ?,DESC,def,1,1015
what is california 's state bird ?,ENTY,animal,2,1052
what is after death ?,ENTY,other,2,1480
how many dollars a day did arthur frommer say you could get by on in europe in 1968 ?,NUM,count,5,3658
"how much does it cost , average or whatever is available , to produce and send junk mail catalogues in the us ? , dt cd nn nn ,",NUM,money,5,1121
how many dots make up the symbol for `` because '' ?,NUM,count,5,4412
where on the internet can i get chemicals importers ?,LOC,other,4,3380
who was the first woman to fly solo across the atlantic ?,HUM,ind,3,1847
who held the endurance record for women pilots in 1929 ?,HUM,ind,3,3629
when did the vesuvius last erupt ?,NUM,date,5,4116
what 's the hardest substance in the human body ?,ENTY,substance,2,2093
who was ben casey 's boss ?,HUM,ind,3,5318
"what country did the nazis occupy for 1 , cd nns in nnp nnp nnp .",LOC,country,4,80
who betrayed norway to the nazis ?,HUM,ind,3,1610
why is rush 's 2112 called 2112 ?,DESC,reason,1,4555
what little boy and dog live in a shoe ?,HUM,ind,3,2350
colin powell is best known for what achievement ?,DESC,reason,1,4515
what 's the rathaus in frankfurt ?,DESC,def,1,2064
what caused the death of bob marley ?,DESC,reason,1,4811
"who created the fantastic four , hulk , and thor ?",HUM,ind,3,1662
name li 'l abner 's favorite indian drink .,ENTY,food,2,1423
how tall is prince charles ?,NUM,dist,5,4049
what percentage of american men are alcoholic ?,NUM,perc,5,2915
who shoplifts ?,HUM,ind,3,2280
what is the biggest `` thing '' humans have made ?,ENTY,other,2,2672
where can i find the best free evidence for debate about russia ?,LOC,other,4,624
how can i gain access to a spy satelite ?,DESC,manner,1,3754
where did indian pudding come from ?,DESC,desc,1,177
"where can i find a tape or book to help me say , write and understand japanese ?",LOC,other,4,4014
what is the `` fourth dimension '' ?,DESC,def,1,4326
what is `` flintknapping '' ?,DESC,def,1,1970
what are some of the significant historical events of the 1990s ?,ENTY,event,2,970
who played al jolson in the jolson story ?,HUM,ind,3,3526
what are the major companies that are part of dow jones ?,HUM,gr,3,4667
what u.s. state lived under six flags ?,LOC,state,4,59
how long is the border between canada and the 48 conterminous states ?,NUM,dist,5,3747
what is the lowest level of the american judiciary ?,ENTY,other,2,279
how do i e-mail someone at aol.com from yahoo.com ?,DESC,manner,1,1472
what 's the nearest star to earth ?,LOC,other,4,2179
what is bill gross 's email address ?,LOC,other,4,1348
what actor first portrayed james bond ?,HUM,ind,3,354
what u.s. city 's skyline boasts the gateway arch ?,LOC,city,4,3245
who is the founder of scientology ?,HUM,ind,3,72
who made the largest cocaine seizure in ventura county history ?,HUM,gr,3,3642
what musical instrument did prewitt play in james jones 's from here to eternity ?,ENTY,instru,2,458
what are the largest libraries in the us ?,LOC,other,4,1679
what city is logan airport in ?,LOC,city,4,528
who invented the fax machine ?,HUM,ind,3,3441
what is artificial intelligence ?,DESC,def,1,636
who said : `` old soldiers never die ; they just fade away '' ?,HUM,ind,3,1910
what are the two languages of malta ?,ENTY,lang,2,746
what is swap math ?,DESC,def,1,2431
who became president of the u.s. in 1789 ?,HUM,ind,3,4408
who was the first black woman to star in the folies bergeres ?,HUM,ind,3,2526
what kind of a sports team is the wisconsin badgers ?,ENTY,sport,2,1613
what is viscosity ?,DESC,def,1,558
what was dwight eisenhower 's favorite card game ?,ENTY,sport,2,4268
what did delilah do to samson 's hair ?,DESC,desc,1,103
what hall of fame pitcher started three world series games for the new york yankees in 1962 ?,HUM,ind,3,3393
how many inches apart are adjacent pins in tenpin bowling ?,NUM,count,5,5069
what kind of meat is fray bentos synonymous with ?,ENTY,food,2,1374
which classical spanish writer said `` all that glitters is not gold '' ?,HUM,ind,3,2430
how many rings are there on a five-zone archery target ?,NUM,count,5,3093
what is the abbreviation for original equipment manufacturer ?,ABBR,abb,0,3911
who invented batteries ?,HUM,ind,3,1019
what relative of the racoon is sometimes known as the cat-bear ?,ENTY,animal,2,40
where is the keck telescope ?,LOC,other,4,3510
who is the leading competitor of trans union company ?,HUM,gr,3,345
which one of the great lakes is entirely within u.s. territory ?,LOC,other,4,3097
what crooner joined the andrews sisters for pistol packin mama ?,HUM,ind,3,128
what is the origin of a.m. and p.m. ?,DESC,desc,1,1904
how much money does the sultan of brunei have ?,NUM,money,5,3217
what year was janet jackson 's first album released ?,NUM,date,5,3427
what is endometriosis ?,DESC,def,1,3615
how is answers.com different from knowpost.com ?,DESC,manner,1,757
when was london 's docklands light railway constructed ?,NUM,date,5,2569
what color were their horses ?,ENTY,color,2,741
what is columbia tristar 's phone number ?,NUM,code,5,1379
what state is john f. kennedy buried in ?,LOC,state,4,317
what 's the term for a bet before cards are dealt ?,ENTY,termeq,2,297
who said `` what contemptible scoundrel stole the cork from my lunch ? '',HUM,ind,3,4658
what color is chablis ?,ENTY,color,2,3961
what does jessica mean ?,ABBR,exp,0,3189
who famously rode to warn the people of massachusetts that the british were coming ?,HUM,ind,3,3139
how many people die from snakebite poisoning in the u.s. per year ?,NUM,count,5,3994
what soft drink is most heavily caffeinated ?,ENTY,food,2,1105
what animal has the best hearing ?,ENTY,animal,2,2450
what sinatra hit did he dooby dooby do in ?,ENTY,cremat,2,2132
what was the tallest building in america in 1922 ?,LOC,other,4,2785
what is the horsepower of the shuttle boosters ?,NUM,other,5,3921
who wrote : `` poems are made by fools like me but only god can make a tree '' ?,HUM,ind,3,2564
"what tv comediennes 's characters include former movie star nora desmond , secretary mrs. wiggins and a housewife named eunice ?",HUM,ind,3,601
name four famous cartoon cats .,ENTY,animal,2,1288
what costume designer decided that michael jackson should only wear one glove ?,HUM,ind,3,1305
what country boasts the most cars per mile of road ?,LOC,country,4,3933
how many boys play the game in winslow homer 's 1872 painting snap the whip ?,NUM,count,5,959
what is a rhomboideus minor ?,DESC,def,1,858
in what country is lund ?,LOC,country,4,2702
what is the best college in the country ?,HUM,gr,3,557
what does the latin ante mortem mean ?,DESC,def,1,750
where was george washington born ?,LOC,other,4,245
what polynesian people inhabit new zealand ?,HUM,gr,3,417
what was jimmy durante 's theme song ?,ENTY,cremat,2,4781
where can i find lyrics for r&b ?,LOC,other,4,3358
why did egyptians shave their eyebrows ?,DESC,reason,1,1126
what was the player 's name who played nose tackle for the eagles in super bowl xv ?,HUM,ind,3,3627
how many people died on d-day ?,NUM,count,5,860
what sea surrounds the cayman islands ?,LOC,other,4,2141
what does the method called `` cold fusion '' create ?,ENTY,techmeth,2,2006
where is ayer 's rock ?,LOC,other,4,5320
"what was the name of the american ship sunk by a mine in havana harbor , causing the spanish-american war ?",ENTY,veh,2,2010
what is the best selling computer model ever ?,ENTY,product,2,3724
how loud is thunder ?,NUM,other,5,3851
what is the longest-running television series ?,ENTY,cremat,2,404
where does barney rubble go to work after he drops fred off in the `` flintstones '' cartoon series ?,LOC,other,4,112
what is the largest county in size in massachusetts ?,LOC,other,4,3038
what author landed a 468-pound marlin without harness in the early 193 's ?,HUM,ind,3,743
what plant is rum made from ?,ENTY,plant,2,928
what is the fare cost for the round trip between new york and london on concorde ?,NUM,money,5,3734
what director portrayed the commandant of the pow camp in 1953 's stalag 17 ?,HUM,ind,3,3829
when was the big thompson flood ?,NUM,date,5,4768
what does `` intractable plantar keratoma '' mean ?,DESC,def,1,399
what are some mythology websites ?,LOC,other,4,3762
who is mia farrow 's mother ?,HUM,ind,3,2830
where does mother angelica live ?,LOC,other,4,1851
what chapter of the bible has the most verses ?,NUM,ord,5,666
what u.s. city was named for st. francis of assisi ?,LOC,city,4,2630
where in a tree does photosynthesis occur ?,LOC,other,4,5200
what capital is built around monument circle which contains soldiers and sailors monument ?,LOC,city,4,4615
what is the average time it takes for a male to ejaculate ?,NUM,period,5,1271
what is the horsepower of the shuttle boosters ?,NUM,other,5,1729
what can communications satellites offer yachts ?,ENTY,other,2,2775
where is the isle of man ?,LOC,other,4,1523
why should cigarette smoking be banned ?,DESC,reason,1,4526
what does the name calder mean ?,DESC,def,1,3736
"what lawyer won the largest divorce settlement , $85 million , in u.s. history for sheika dena al-farri ?",HUM,ind,3,753
when did the american civil war end ?,NUM,date,5,4107
how do telephones work ?,DESC,manner,1,2574
what happened in the city of dogtown in 1899 ?,DESC,desc,1,4081
why do many native american students not complete college ?,DESC,reason,1,4121
when was the parthenon built ?,NUM,date,5,5051
what is the largest u.s. state east of the mississippi ?,LOC,state,4,2156
how many claws has a lobster called a pistol lost ?,NUM,count,5,4094
what do penguins eat ?,ENTY,food,2,3597
what 2 statues did france give to other countries ?,ENTY,cremat,2,697
how do you make a computer chip ?,DESC,manner,1,4407
who was the king who was forced to agree to the magna carta ?,HUM,ind,3,1227
what organization did mr. waverly assign agents for ?,HUM,gr,3,1127
how much coca cola is drunk in one day in the world ?,NUM,count,5,3773
how is the element strontium purified ?,DESC,manner,1,3443
what part did benjamin franklin play in the development of the newspaper in america ?,HUM,ind,3,5383
"what u.s. state boasts stone mountain , the world 's largest mass of exposed granite ?",LOC,state,4,3262
what is limbo ?,DESC,def,1,3085
what 's the most common nickname of u.s. college football teams ?,HUM,gr,3,1291
what female suspect in the game of clue is single ?,HUM,ind,3,4846
who is zebulon pike ?,HUM,desc,3,5420
where in the united states do people live the longest ?,LOC,other,4,3415
what date is boxing day ?,NUM,date,5,3559
how many inches over six feet is the venus de milo ?,NUM,count,5,44
what can one see in reims ?,ENTY,other,2,3479
what is a caldera ?,DESC,def,1,67
"who created the comic strip , `` garfield '' ?",HUM,ind,3,1527
how big is australia ?,NUM,volsize,5,3822
what chess outcome results when a player has no legal move ?,ENTY,sport,2,4189
how can i transport files from one computer to another ?,DESC,manner,1,739
where can i get information concerning child custody files for the state of utah ?,LOC,other,4,4792
what was thatcher 's first name ?,HUM,ind,3,3714
with whom did bush compare saddam hussein ?,HUM,ind,3,3034
what color is the eight-ball in pocket billiards ?,ENTY,color,2,5205
what is multimedia ?,DESC,def,1,2230
how was the kennedy money made ?,DESC,manner,1,5111
what is the name of the company that manufactures the `` american girl '' doll collection ?,HUM,gr,3,5293
what was a mae west on a world war ii battleship ?,DESC,def,1,1295
what kind of wine is spumante ?,ENTY,food,2,647
what drink is the best thirst-quencher ?,ENTY,food,2,4384
what is the world population as of today ?,NUM,count,5,4949
what does shield stand for ?,ABBR,exp,0,2501
"what is the recommended weight of a 15 year-old male that is 5 , 6 ?",NUM,weight,5,3036
what was connecticut 's first constitution called ?,ENTY,cremat,2,775
when did jaco pastorius die ?,NUM,date,5,4505
what first name was nipsy russell given at birth ?,HUM,ind,3,619
how many different types of skunks are there ?,NUM,count,5,2362
what team did babe ruth play his first major league game for ?,HUM,gr,3,4318
what is the most popular sports car color ?,ENTY,color,2,3840
how many americans fought for the british in the american revolution ?,NUM,count,5,744
define the pheonix club ?,DESC,def,1,362
what is the name of the disease that actress hunter tylo 's baby girl has ?,ENTY,dismed,2,4923
in what county is eckley colorado ?,LOC,other,4,2726
"whom does uncle duke 's girl friend , honey , room with ?",HUM,ind,3,4314
what batman character tools around on a batcycle ?,HUM,ind,3,4024
what is the abbreviation of the international olympic committee ?,ABBR,abb,0,4680
"where was `` i have fallen , and i can 't get up '' said first ?",LOC,other,4,2487
what does las vegas mean ?,DESC,def,1,1244
in what deodorant commercial did tenants have adjoining medicine cabinets ?,ENTY,other,2,1259
what will happen when sodium is put in water ?,DESC,desc,1,1544
what 's the difference between tft and dual-scan display ?,DESC,desc,1,5165
what cocktail inspired john doxat to write the book stirred-not shaken ?,ENTY,food,2,47
what handicraft requires you to interlace your warp and weft ?,ENTY,techmeth,2,1559
what is a pig in a poke ?,DESC,def,1,3527
what holidays or observances are celebrated in italy ?,ENTY,event,2,3659
what album put the beatles on the cover of time in 1967 ?,ENTY,cremat,2,158
how many yards are in 1 mile ?,NUM,count,5,5003
who wrote `` the pit and the pendulum '' ?,HUM,ind,3,3513
what should the temperature be set at while baking peachy oat muffins ?,NUM,temp,5,5329
in what country is a stuck-out tongue a friendly greeting ?,LOC,country,4,5246
what professional cricketer 's son wrote the war of the worlds in 1898 ?,HUM,ind,3,5064
where can stocks be traded on-line ?,LOC,other,4,548
what was mark johnson referring to when he said : `` i still can 't believe it- we beat the russians ? '',ENTY,termeq,2,1003
how much money was the minimum wage in 1991 ?,NUM,money,5,1686
what is typhoid fever ?,DESC,def,1,1192
"what island group contains jersey , guernsey , sark and herm ?",LOC,other,4,1791
what kind of education would you need to become an athletic trainer for the nfl ?,ENTY,other,2,4666
how many gallons of paint does it take to paint the golden gate bridge ?,NUM,count,5,5229
how can you get rust stains out of clothing ?,DESC,manner,1,2117
name the fast food chain with the golden arches .,HUM,gr,3,3717
how many points are there on a backgammon board ?,NUM,count,5,2657
what is office automation ?,DESC,def,1,3897
what 's the shape of a camel 's spine ?,ENTY,other,2,5448
where can i find correct tabs for third eye blind songs ?,LOC,other,4,767
who was international olympic committee chairman at the 1936 summer games ?,HUM,ind,3,3996
on what day were john f and jackie kennedy married ?,NUM,date,5,2865
what is a leaky heart valve ?,DESC,def,1,3637
"what did fcc chairman newton minow declare tv to be on may 9 , 1961 ?",DESC,desc,1,1996
who was israel 's first prime minister ?,HUM,ind,3,3839
what university was woodrow wilson president of ?,HUM,gr,3,1372
what effects do nitrates have on the environment ?,DESC,desc,1,1815
who designed london bridge ?,HUM,ind,3,4631
how can i stop or slow down aging ?,DESC,manner,1,4635
what did the forward-thinking simon brothers bakery of chicago insert into bagels to boost business ?,ENTY,other,2,5421
which of the following celebrities started his show-biz career as a disc jockey ?,HUM,ind,3,2058
what are christopher marlowe 's and shakespeare 's literary contributions to english literature ?,DESC,desc,1,1517
who does the voices of the simpsons ?,HUM,ind,3,4247
what 's the u.s. navy hymn ?,ENTY,cremat,2,5181
what is the longest river in the united states ?,LOC,other,4,3394
what is capitalism according to max weber ?,DESC,def,1,3802
where is tornado alley ?,LOC,other,4,875
what is federal income tax ?,DESC,def,1,5039
what u.s. president showed a fondness for munching on bee pollen bars ?,HUM,ind,3,803
how do i find a city if i have the area code ?,DESC,manner,1,2040
what delicacy is known indelicately as pickled roe ?,ENTY,food,2,4783
what color of monopoly properties are landed on most often ?,ENTY,color,2,2461
how can i find out how much it costs to raise a baby for six months ?,DESC,manner,1,2157
how many e-commerce companies are started every day ?,NUM,count,5,3784
what does a red flag mean in auto racing ?,DESC,def,1,3678
where can i find a picture of a blue meanie ?,LOC,other,4,3536
what 's nature 's purpose for tornadoes ?,DESC,reason,1,454
the shea & gould law firm had an office in l.a. for how many years ?,NUM,count,5,1945
what are the five basic swimming strokes ?,ENTY,techmeth,2,5247
who is henry butler ?,HUM,desc,3,3572
what hungarian cardinal was first a state prisoner and then a refugee in the u.s. embassy 1956-1971 ?,HUM,ind,3,2679
what does the acronym cpr mean ?,ABBR,exp,0,4559
what is the best hospital for orthopedics in the country ?,LOC,other,4,1605
what war saw battles at parrot 's beak and black virgin ?,ENTY,event,2,1390
in 139 the papal court was forced to move from rome to where ?,LOC,other,4,4612
who is the sexiest women in the world ?,HUM,ind,3,2633
in which tennessee williams play is one of the characters killed and devoured by a mob of starving children ?,ENTY,cremat,2,1807
who invented the pull-tab opener on cans ?,HUM,ind,3,3770
what is the spectrum of a sine wave ?,DESC,def,1,4999
how can i find out my biorhythm ?,DESC,manner,1,2439
what does the word laser mean ?,ABBR,exp,0,855
how is water treated to make it safe to drink ?,DESC,manner,1,2529
what is the name of the american swimmer who won seven gold medals in the 1972 olympics ?,HUM,ind,3,1635
what is yohimbine ?,DESC,def,1,4959
what is a fear of insanity ?,ENTY,dismed,2,2309
why do oceans contain salt water instead of fresh water ?,DESC,reason,1,3816
what did the chinese emperor present to the english soldier gordon in recognition of his services in quelling rebellions ?,ENTY,other,2,3308
what is the temperature for cooking ?,NUM,temp,5,5451
how old is the sun ?,NUM,period,5,1772
which country is the largest country in latin america ?,LOC,country,4,5015
what actress has received the most oscar nominations ?,HUM,ind,3,137
what river flows past the temple of karnak ?,LOC,other,4,4905
what are some tips for building a fire in a fireplace ?,ENTY,techmeth,2,833
what ability has the silkworm moth lost through domestication ?,ENTY,other,2,3706
how do wasps make their nests ?,DESC,manner,1,3923
how many countries are there ?,NUM,count,5,4990
what u.s. vice-president killed alexander hamilton in a duel ?,HUM,ind,3,4785
"what beer tells us , `` grab all the gusto you can get . '' ?",ENTY,food,2,2580
what city houses the u.s. headquarters of procter and gamble ?,LOC,city,4,826
what is predicted to topple over between 2010 and 2020 ?,ENTY,other,2,3922
what was john steinbeck 's travelling companion charley ?,ENTY,other,2,4367
where are the headquarters of eli lilly ?,LOC,other,4,2753
"what are the first names of rowan and martin , the stars of tv 's laugh-in ?",HUM,ind,3,665
what two countries are separated by the bering strait ?,LOC,country,4,3366
what color are a cherry tree 's flowers ?,ENTY,color,2,4122
in what state was there an 11 million gallon oil spill ?,LOC,state,4,1738
when was microsoft established ?,NUM,date,5,5384
"what tv show premiered on january 15 , 1981 ?",ENTY,cremat,2,2377
who is the prophet of the religion of islam ?,HUM,ind,3,4881
"what president was meant for , but never placed in , the empty crypt beneath the capital 's rotunda ?",HUM,ind,3,2671
what was the first sam spade novel ?,ENTY,cremat,2,1786
what is the difference between neoclassical art and romanticism art ?,DESC,desc,1,973
what is the difference between a preface and a foreword ?,DESC,desc,1,2111
what was the outcome of the 1945 yalta conference ?,DESC,desc,1,1969
how many warmup pitches does a reliever get coming into a baseball game ?,NUM,count,5,2768
what is the abbreviation of the national bureau of investigation ?,ABBR,abb,0,2650
what is the origin of the term `` buffalo wings '' that is used as a menu item in bars across the nation for chicken wings in a spicey sauce ?,DESC,desc,1,3558
who domesticated the wild turkey ?,HUM,ind,3,4588
what does the theory of quantum leaps mean in simpler terms ?,DESC,def,1,3225
what historical event happened in dogtown in 1899 ?,ENTY,event,2,776
who made a boat out of gopher wood ?,HUM,ind,3,327
what are the biggest indian airports ?,LOC,other,4,1933
what are the diseases that can be cured by black cumin ?,ENTY,dismed,2,5265
what are my legal rights in an automobile repossession in california ?,DESC,desc,1,5442
what diamond producer controls about 80% of the world 's diamonds ?,HUM,gr,3,4880
how do i love thee ?,DESC,manner,1,4688
what cathedral was thomas becket murdered in ?,LOC,other,4,5192
what is the name of the inventor of silly putty ?,HUM,ind,3,4364
who created the character of scrooge ?,HUM,ind,3,862
what creature scares people in the film `` jaws '' ?,ENTY,animal,2,336
what is the average cost for four years of medical school ?,NUM,money,5,977
what disease is the second-biggest killer of north americans ?,ENTY,dismed,2,2762
who made stonehenge ?,HUM,ind,3,1822
what is the correct way to mount a roll of toilet paper ?,ENTY,techmeth,2,4553
what is the only substance that gives food its `` taste '' when eaten ?,ENTY,substance,2,1277
"when called upon to surrender , what american general replied , `` sir , i have not yet begun to fight . '' ?",HUM,ind,3,4315
what is the difference between a college and a university ?,DESC,desc,1,3419
who played the father on `` charles in charge '' ?,HUM,ind,3,4976
how effective are condoms in protecting against aids ?,DESC,manner,1,4437
what mountain range extends from the gulf of st. lawrence to alabama ?,LOC,mount,4,4087
what medium is stuart hamblen the first singing cowboy in ?,ENTY,cremat,2,3612
what terrorist group was headed by donald defreeze ?,HUM,gr,3,4482
how do you ask questions ?,DESC,manner,1,5171
what u.s. state are the finger lakes in ?,LOC,state,4,3531
who portrayed field marshal erwin rommel in the desert fox ?,HUM,ind,3,4443
how deep is a fathom ?,NUM,dist,5,5236
what metropolis landmark was first introduced in the superman cartoons of the 1940 's ?,LOC,other,4,1690
what causes the body to shiver in cold temperatures ?,DESC,reason,1,92
what is the difference between a generator and an alternator ?,DESC,desc,1,406
how far is yaroslavl from moscow ?,NUM,dist,5,3303
what toy company is the world 's no.1 maker of female apparel ?,HUM,gr,3,302
how many teaspoons make up a tablespoon ?,NUM,count,5,4392
how many people died because of a smoking problem in 1997 ?,NUM,count,5,1632
who is the prime minister of australia ?,HUM,ind,3,5389
how do i start a web based business ?,DESC,manner,1,200
when was the first successful heart transplant for a human ?,NUM,date,5,5009
what is the fastest commercial automobile that can be bought in the us ?,ENTY,other,2,310
why are the rooftops in canada green ?,DESC,reason,1,2167
what is the recipe for eggs benedict ?,ENTY,food,2,2600
who were the five marx brothers ?,HUM,ind,3,89
who is the creator of `` the muppets '' ?,HUM,ind,3,2057
what disease did august von wassermann develop a specific test for in 196 ?,ENTY,dismed,2,2772
how do you look up criminal records on the internet ?,DESC,manner,1,996
what is the student population at the university of massachusetts in amherst ?,NUM,other,5,863
what labor leader was last seen in the parking lot of a michigan restaurant ?,HUM,ind,3,2845
why didn 't european colonial rule spread until after the first and second industrial revolutions ?,DESC,reason,1,3044
how much in miles is a ten k run ?,NUM,count,5,4467
who was the first black to be head coach of a major league pro sports team ?,HUM,ind,3,3605
what is goldfinger 's first name ?,HUM,ind,3,3183
who is currently the most popular singer in the world ?,HUM,ind,3,4551
what 's new in the postal world in 1999 ?,DESC,desc,1,2510
what did the ancients call the four great elements ?,ENTY,substance,2,3914
what would happen to canada if quebec separated ?,DESC,desc,1,4672
what is afs ?,ABBR,exp,0,2956
how long was the tv mission of star trek 's enterprise to be ?,NUM,period,5,1168
when did the original howdy doody show go off the air ?,NUM,date,5,4900
which company that manufactures video-game hardware sells the `` super system '' ?,HUM,gr,3,34
who followed caesar ?,HUM,ind,3,338
who said `` the only thing we have to fear is fear itself '' ?,HUM,ind,3,2618
when was the last major eruption of mount st. helens ?,NUM,date,5,4567
what is the most number of goals scored by a single team in an nhl hockey game ?,NUM,count,5,3652
what former major-league left-handed baseball pitcher was known as `` space man '' ?,HUM,ind,3,769
how big is a normal size penis for a 15-year-old ?,NUM,volsize,5,4011
how many cds has garth brooks sold ?,NUM,count,5,911
what tennis term is said to come from the french word for egg ?,ENTY,termeq,2,2742
how do i find out what cities are in a certain area code ?,DESC,manner,1,2774
how many astronauts manned each project mercury flight ?,NUM,count,5,967
where does the u.s. get most of its energy ?,LOC,other,4,2217
what woman pitcher has struck out ted williams and hank aaron ?,HUM,ind,3,4232
what are the unemployment statistics for the years 1965 and 1990 ?,NUM,other,5,5058
what century does captain video live in ?,NUM,date,5,965
when did the neanderthal man live ?,NUM,date,5,37
who discovered electricity ?,HUM,ind,3,154
whose first presidential order was : `` let 's get this goddamn thing airborne '' ?,HUM,ind,3,526
who won the battle of gettysburg ?,HUM,ind,3,2493
who won the first world series ?,HUM,ind,3,1696
what is the population of ohio ?,NUM,other,5,333
who did sara jane moore try to assassinate ?,HUM,ind,3,4410
how is easter sunday 's date determined ?,DESC,manner,1,658
what effect does friction have on perpetual motion ?,DESC,desc,1,3022
who was the star of the 1965 broadway hit golden boy ?,HUM,ind,3,576
"how can i find online spelling , and punctuation drills for my 6th grader ?",DESC,manner,1,914
name the soft drink that is `` number one in the sun . '',ENTY,food,2,580
what book is subtitled the preservation of favoured races in the struggle for life ?,ENTY,cremat,2,2412
what is a `` false moon '' ?,DESC,def,1,4149
what south korean city is served by kimpo international airport ?,LOC,city,4,402
what continent is bolivia on ?,LOC,other,4,1384
what was the importance of magellan ?,DESC,desc,1,3547
how does crosstalk relate to insb thickness in infrared detectors ?,DESC,manner,1,4464
how much electricity does the brain need to work ?,NUM,count,5,1066
how can i give myself a french manicure ?,DESC,manner,1,3638
who sued the dannon yougurt company for using a character named ron raider for promotion ?,HUM,ind,3,3249
"where can one find information on religion and health , the brain and nutrition ?",LOC,other,4,2971
what chocolate company gives you a one-pound kiss ?,HUM,gr,3,1863
what wheel did blaise pascal invent in a search for perpetual motion ?,ENTY,other,2,1685
what city is the kentucky horse park near ?,LOC,city,4,5115
what is svhs ?,ABBR,exp,0,4252
when does menstruation begin ?,NUM,date,5,5231
what is the full name of the man who invented the multicolored game cube that has 42.3 quintillion potential combinations ?,HUM,ind,3,854
what is a dental root canal ?,DESC,def,1,160
what is `` the computer for the rest of us '' ?,DESC,desc,1,3887
how long has l.l. cool j. been married ?,NUM,period,5,4045
how many grooves are on a dime 's edge ?,NUM,count,5,2891
what college produced the most winning super bowl quarterbacks ?,HUM,gr,3,790
when was the san francisco fire ?,NUM,date,5,894
where is mozambique located ?,LOC,other,4,817
what is a philanthropist ?,DESC,def,1,3580
what culture developed the idea of potlatch ?,HUM,gr,3,1833
what peruvian city is home to the mummified body of francisco pizarro ?,LOC,city,4,5347
how is digital audio used ?,DESC,manner,1,2955
when did fraze get his first patent for the pull-tab can ?,NUM,date,5,1326
what constellation represents a hunter with club and shield ?,LOC,other,4,2988
what role do fruits play in the survival of plants ?,HUM,ind,3,2802
what is a film starring jude law ?,ENTY,cremat,2,133
how fast is a 45mhz processor ?,NUM,speed,5,1495
what is a ` borrow pit ' ?,DESC,def,1,1460
what colorado city owns its own glacier ?,LOC,city,4,1117
what two vessels fought the first sea battle between iron-covered ships ?,ENTY,veh,2,3555
how is answers.com funded ?,DESC,manner,1,5054
what is the origin of the surname of braun ?,DESC,desc,1,946
"what shampoo prevents eczema , seborrhea , and psoriasis ?",ENTY,product,2,2923
which police department made the largest cocaine seizure ever in ventura county ?,HUM,gr,3,5204
what characteristics contribute to its `` intelligence '' ?,DESC,reason,1,5129
what does n est-ce pas mean ?,DESC,def,1,3834
what city is the setting for puccini 's opera la boheme ?,LOC,city,4,802
what did benny carter play ?,ENTY,other,2,5207
what fraction of a beaver 's life is spent swimming ?,NUM,perc,5,512
where 's the 19th hole on a golf course ?,LOC,other,4,453
what chilean president was killed in a 1973 coup d 'etat ?,HUM,ind,3,2642
what does sids stand for ?,ABBR,exp,0,519
"what was the name of the television show , starring karl madsen , that had san francisco in the title ?",ENTY,cremat,2,3268
what do chefs call the master spice ?,ENTY,food,2,1742
how many people own pets ?,NUM,count,5,4428
"what michelangelo sculpture is in saint peter 's cathedral , basilica , ?",ENTY,cremat,2,2296
what does the ouarterly review of doublespeak call an `` inoperative statement '' ?,ENTY,termeq,2,1034
how many colors are there in a rainbow ?,NUM,count,5,4543
what is the name of the game that garry kasparov plays ?,ENTY,sport,2,5324
what country saw the origin of the asian flu ?,LOC,country,4,4808
how many small businesses are there in the united states ?,NUM,count,5,5317
what were the achievements of richard nixon ?,ENTY,other,2,2319
what is sinn fein ?,DESC,def,1,4817
who was the star witness at the senate watergate hearings ?,HUM,ind,3,5244
what is the average age a horse lives ?,NUM,period,5,2191
on which hawaiian island is pearl harbor ?,LOC,other,4,1153
when was `` the great depression '' ?,NUM,date,5,788
name the story by chris van allsburg in the which a boy tries to become a great sailor ?,ENTY,cremat,2,3389
what london museum features a chamber of horrors ?,LOC,other,4,3484
what is the size of the student body at the university of massachusetts in amherst ?,NUM,other,5,4484
who are the nomadic hunting and gathering tribe of the kalahari desert in africa ?,HUM,gr,3,2868
what united states president had dreamed that he was assassinated ?,HUM,ind,3,392
whose cover is that of an employee of universal import and export ?,HUM,ind,3,805
what is time ?,DESC,def,1,3281
what are amaretto biscuits ?,DESC,def,1,1893
where does the opera singer ileana cotrubas come from ?,LOC,other,4,2320
why does sound travel quicker through water than air ?,DESC,reason,1,3216
"what `` melts in your mouth , not in your hands '' .",ENTY,food,2,1465
"what president was buried at his ancestral home overlooking the hudson river at hyde park , new york ?",HUM,ind,3,4575
what president dispatched a cruiser to carry charles lindbergh home after his epic flight ?,HUM,ind,3,1057
"what was the name of the horse that fell on queen elizabeth , prince albert 's wife ?",ENTY,animal,2,4497
what does palindromic mean ?,DESC,def,1,2269
when is dick clark 's birthday ?,NUM,date,5,4306
who claims to have the greatest show on earth ?,HUM,ind,3,1636
who was the author of the book about computer hackers called `` the cuckoo 's egg : tracking a spy through the maze of computer espionage '' ?,HUM,ind,3,287
"what 's the better-known identity of john merrick , the noble ogre of victorian england ?",HUM,ind,3,2384
what is megan 's law ?,DESC,def,1,4825
what is the first personal computer company ?,HUM,gr,3,1519
where is the henry ford museum ?,LOC,other,4,2098
what river is pocahontas buried along ?,LOC,other,4,2238
who was the star of leave it to beaver ?,HUM,ind,3,1566
how did ` stat ' come to be used as an expression for quickly ?,DESC,manner,1,1290
what are britain 's two longest rivers ?,LOC,other,4,2265
who are the top ten richest people in the world ?,HUM,ind,3,4349
who was president of afghanistan in 1994 ?,HUM,ind,3,270
on which date is the ukrainians ' christmas ?,NUM,date,5,2260
how long was mao 's 1930s long march ?,NUM,dist,5,1044
what is the chemical reactivity of helium ?,NUM,other,5,2505
how do storms form ?,DESC,manner,1,1399
what comedian was the perfect fool ?,HUM,ind,3,4906
what are the cleveland indians also called ?,ENTY,termeq,2,4972
what is the name of the vaccine for chicken pox ?,ENTY,dismed,2,3467
who were john f. kennedy 's dogs ?,ENTY,animal,2,4626
"what poet wrote : `` ... i have promises to keep , and miles to go before i sleep '' ?",HUM,ind,3,2021
"what is the latitude and longitude of el paso , texas ?",NUM,other,5,326
who sells viagra ?,HUM,ind,3,1361
what was the only country in the western hemisphere to join the russian-led boycott of the 1984 summer olympics ?,LOC,country,4,2378
hazmat stands for what ?,DESC,def,1,335
what doctor is synonymous with footwear and foot care ?,HUM,ind,3,3346
what piano company claims its product is the `` instrument of the immortals '' ?,HUM,gr,3,129
who won the nobel peace prize in 1991 ?,HUM,ind,3,360
what two new york yankee pitchers swapped wives and families ?,HUM,ind,3,4162
what movie did steven spielberg direct in 1975 ?,ENTY,cremat,2,4594
what brand of white rum is still made in cuba ?,ENTY,product,2,2196
what does inuit and eskimo mean ?,DESC,def,1,445
what is dtmf ?,ABBR,exp,0,3140
what actor said in a day at the races : `` either he 's dead or my watch has stopped '' ?,HUM,ind,3,205
what 's the most popular four-player game of all time ?,ENTY,sport,2,4539
where did the 6th annual meeting of indonesia-malaysia forest experts take place ?,LOC,other,4,2566
what were babe ruth 's christian names ?,HUM,ind,3,4762
what is the name of the planet that the ewoks live on ?,LOC,other,4,3433
what is a biologist ?,DESC,def,1,4338
what manufacturers are there in texas ?,HUM,gr,3,3524
where did the battle of the bulge take place ?,LOC,other,4,1417
what kind of fish is a coney ?,ENTY,animal,2,3203
what hide-and-seek game is played around a tin can ?,ENTY,sport,2,4381
what are the first six words of dickens 's a tale of two cities ?,ENTY,word,2,3876
what author did photographer yousuf karsh call `` the shiest man i ever met '' ?,HUM,ind,3,926
"what element , from the periodic table , is a gas or a solid , but never a liquid ?",ENTY,substance,2,3095
what do christian scientists believe in ?,DESC,desc,1,1343
what is the chemical composition of a barbie ?,ENTY,substance,2,2607
what is the pennsylvania state income tax rate ?,NUM,perc,5,3709
what singer 's hit song inspired the dolly parton stallone movie rhinestone ?,HUM,ind,3,4296
what is pasta ?,DESC,def,1,1875
why did the aztecs first think the spanish were gods ?,DESC,reason,1,4035
what is a horologist ?,DESC,def,1,5294
what is the last name of lucy and linus from the peanut 's comic strip ?,HUM,ind,3,2175
how is the new ford econoline van f25 v1 engine ?,DESC,manner,1,1226
why does tuberculosis afflict people ?,DESC,reason,1,4912
when was ozzy osbourne born ?,NUM,date,5,11
what was the name of the peace agreement imposed on germany after world war i ?,ENTY,other,2,2681
what was the name of darth vader 's son ?,HUM,ind,3,2222
what countries have the highest ratio of university students ?,LOC,country,4,5173
what is widely used to detect prenatal birth defects ?,ENTY,other,2,4117
where can i get information on the original 13 us colonies ?,LOC,other,4,4918
how many layers does a bottle of yoo-hoo settle into ?,NUM,count,5,2177
what store claims to be the world 's largest department store ?,HUM,gr,3,2609
what month were you born in if your birthstone is sardonyx ?,NUM,date,5,2735
"what european country boasts the city of furth , found where the rivers rednitz and pegnitz converge ?",LOC,country,4,1435
who was gerald ford 's vice president ?,HUM,ind,3,1014
"what group was formed in 1969 after police met resistance from patrons at the stonewall , a greenwich village gay bar ?",HUM,gr,3,4536
what u.s. state has the most blondes ?,LOC,state,4,1389
how many layers of yellow paint is a faber mongol pencil lucky enough to be sprayed with ?,NUM,count,5,732
what is splatterpunk ?,DESC,def,1,3271
what hymn did john steinbeck get his title the grapes of wrath from ?,ENTY,cremat,2,4795
what is the virus hiv ?,DESC,def,1,1503
why do some clothing labels say `` use a nonchlorine bleach '' ?,DESC,reason,1,178
why are organ transplants more successful today ?,DESC,reason,1,2447
when did israel begin turning the gaza strip and jericho over to the plo ?,NUM,date,5,1236
what are the rites accompanying the circumcision of a newly born-child in judaism called ?,ENTY,event,2,211
who penned : `` neither a borrower nor a lender be '' ?,HUM,ind,3,1784
what are dingoes ?,DESC,def,1,4174
what is a fear of gravity ?,ENTY,dismed,2,1663
how many bones are in the human hand ?,NUM,count,5,3148
where is there information on the novel `` el cid '' ?,LOC,other,4,4957
what is a mexican hairless ?,DESC,def,1,4222
what does venus retrograde mean ?,DESC,def,1,1241
what does the word terrorism mean ?,DESC,def,1,3832
what is the difference between a bottle and a jar ?,DESC,desc,1,2761
what are the various ways in which one can measure it user satisfaction level ?,ENTY,techmeth,2,1951
"what are kythnos , siphnos , seriphos and mykonos ?",DESC,def,1,2902
what organic fuel do bog-dwellers use a `` slane '' to cut ?,ENTY,substance,2,1079
what did the only repealed amendment to the u.s. constitution deal with ?,DESC,desc,1,17
how many were in attendance at the last supper ?,NUM,count,5,5298
"what exactly , specifically does sleep do for you ?",DESC,desc,1,3674
which thrilled taste buds first - snickers or 3 musketeers ?,ENTY,food,2,3374
what are the benefits of home school ?,DESC,desc,1,3872
what is a conifer ?,DESC,def,1,2882
what is the s&p 500 used for ?,DESC,reason,1,5148
how many years old is benny carter ?,NUM,count,5,1504
what famed london criminal court was once a feudal castle ?,LOC,other,4,1841
what is the origin of the expression `` tout de suite '' ?,DESC,desc,1,843
what song did patti page set people dancing to in 1950 ?,ENTY,cremat,2,1787
what was the long march in china ?,DESC,def,1,5275
on what avenue is the original saks department store located ?,LOC,other,4,3300
how many different countries export coffee ?,NUM,count,5,3893
how do you exterminate bees that are in the walls of your home ? will bee eggs remain over winter ?,DESC,manner,1,1176
what card suit originally represented the peasant class ?,ENTY,other,2,3890
where is glasgow ?,LOC,other,4,4833
how can i register my website in yahoo for free ?,DESC,manner,1,41
when did french revolutionaries storm the bastille ?,NUM,date,5,5348
what does the term glory hole mean ?,DESC,def,1,3701
what kinds of animals are in cambodia ?,ENTY,animal,2,2747
what is larry king 's job ?,HUM,title,3,1146
what actor came to dinner in guess who 's coming to dinner ?,HUM,ind,3,2511
why is thanksgiving on a thursday ?,DESC,reason,1,2573
how many feet long is a baseball pitcher 's rubber ?,NUM,count,5,2045
what predators exist on antarctica ?,ENTY,animal,2,405
what country has the highest arson rate ?,LOC,country,4,3803
what century did art 's romantic period begin in ?,NUM,date,5,3293
where was george washington born ?,LOC,other,4,5336
what is la nina ?,DESC,def,1,2863
how many acres in a mile ?,NUM,count,5,1067
what is the abbreviation of general motors ?,ABBR,abb,0,1743
what is the death toll of people dying from tuberculosis ?,NUM,other,5,1160
what is the golden rule ?,DESC,def,1,4490
how does an abacus work ?,DESC,manner,1,3258
what color eyes are most sensitive to light ?,ENTY,color,2,1992
"in the song `` yankee doodle , '' why did yankee doodle stick a feather in his cap and call it macaroni ?",DESC,reason,1,4262
boxing day is celebrated on what date ?,NUM,date,5,1222
where can i buy a hat like the kind jay kay from jamiroquai wears ?,LOC,other,4,1193
in what year was the first patent for the pull-tab opener on cans obtained ?,NUM,date,5,1687
what ivy league school plays its home games at palmer stadium ?,HUM,gr,3,3440
what mountains lie between the arkansas and missouri rivers ?,LOC,mount,4,383
"what incident of 1933 did the german nazis use to justify emergency decrees , imprisoning opponents and vesting more power in themselves ?",ENTY,event,2,4862
what was unusual about alexandra 's appearance in josie and the pussycats ?,DESC,desc,1,1156
"what was the 24-disc john gabel entertainer the first example of , in 1960 ?",ENTY,other,2,3382
"what are cobol , fortran , and pascal ?",DESC,def,1,2074
how does belle describe her life in beauty and the beast ?,DESC,manner,1,2273
how many years did sleeping beauty sleep ?,NUM,count,5,3047
what video format was an alternative to vhs ?,ENTY,other,2,3028
what is the hair style called that new military recruits receive ?,DESC,def,1,1813
what two cities usually mark the extremes of english channel swims ?,LOC,city,4,4776
what is the dot on an the letter i called ?,ENTY,termeq,2,2061
who made the first gas engine ?,HUM,ind,3,1329
what is the seafaring name for the southern tip of south america ?,LOC,other,4,4161
what comedienne upstaged dwight d. eisenhower 's first inauguration by giving birth to her first child ?,HUM,ind,3,1297
how many years did it take james joyce to write ulysses ?,NUM,count,5,400
what is archimedes famous for ?,DESC,reason,1,3755
why does it say on children 's cough syrup not to drive while using this medication ?,DESC,reason,1,4500
how many square feet is bill gates ' home ?,NUM,count,5,1215
how does marijuana lead to other drugs ?,DESC,manner,1,2358
how many liberty bells have there been ?,NUM,count,5,3365
what is ram in the computer ?,ABBR,exp,0,4172
what famous comic strip character died of acne ?,HUM,ind,3,5416
winnie the pooh is what kind of animal ?,ENTY,animal,2,1142
for what reason did some san diego schools stop serving apples ?,DESC,reason,1,1262
who used auh2o as an election slogan ?,HUM,ind,3,5360
what are the languages spoken by the natives in afghanistan ?,ENTY,lang,2,3718
where do you find the answers for all these questions ?,LOC,other,4,3470
how many american soldiers are stationed in south korea ?,NUM,count,5,5043
what character narrates treasure island ?,HUM,ind,3,4309
"what camera company said , `` if you haven 't got the time , we 've got the camera ? ''",HUM,gr,3,4219
which former ku klux klan member won an elected office in the u.s. ?,HUM,ind,3,3794
when was the de beers company founded ?,NUM,date,5,1980
what are some good fractal web sites ?,LOC,other,4,3966
what mediterranean island is home to the first club med ?,LOC,other,4,3230
what is alice cooper 's real name ?,HUM,ind,3,4774
which airplane did fawaz younis hijack ?,ENTY,veh,2,3338
where did the name daniel originate ?,LOC,other,4,4978
who was the original humpty dumpty ?,HUM,ind,3,1447
what is the habitat of the chickadee ?,LOC,other,4,4544
what are dinosaur droppings called ?,ENTY,termeq,2,4113
who invented make-up ?,HUM,ind,3,101
which airplane was fawaz younis convicted of hijacking ?,ENTY,veh,2,5393
what was edward albee 's first full-length play ?,ENTY,cremat,2,4230
who killed gandhi ?,HUM,ind,3,14
what is a fear of home surroundings ?,ENTY,dismed,2,5098
what is the pig population of the world ?,NUM,count,5,3649
what argentine boxer was shot dead outside a nevada brothel in may ?,HUM,ind,3,3932
what is a firewall ?,DESC,def,1,498
who is the premier of china ?,HUM,ind,3,2777
how many penny-farthings are there on a trivial pursuit game board ?,NUM,count,5,1433
what is a fear of sleep ?,ENTY,dismed,2,992
how many websites are there in the world ?,NUM,count,5,3587
what kind of suit did true hepcats wear in 1942 ?,ENTY,product,2,1850
what is the name of joan jett 's band ?,HUM,gr,3,2480
in what year did the bounty mutiny happen ?,NUM,date,5,1276
what country has the highest per capita consumption of cheese ?,LOC,country,4,5158
what 's the term for a limestone deposit rising from the floor of a cave ?,ENTY,termeq,2,3697
"name a movie that the actress , sandra bullock , had a role in .",ENTY,cremat,2,3141
who makes chicken `` finger lickin '' good ?,HUM,ind,3,3828
which nba players had jersey number 0 ?,HUM,ind,3,1862
what cancer is commonly associated with aids ?,ENTY,dismed,2,1202
cnn 's first broadcast occurred on what date ?,NUM,date,5,2352
"what kind of animals are dorsets , lincolns , oxfords and southdowns ?",ENTY,animal,2,715
how do you make a million bucks ?,DESC,manner,1,4098
how do i stop background noise in a car stereo ?,DESC,manner,1,555
what is the fine for having a dog on a beach ?,NUM,money,5,2969
what do the 12 days of christmas mean ?,DESC,def,1,2750
what tv station did mary richards work for ?,ENTY,cremat,2,3600
"what kind of puzzle first appeared in the u.s. in the new york world on december 21 , 1913 ?",ENTY,other,2,1496
what does warner bros. call a flightless cuckoo ?,ENTY,termeq,2,4037
what is osteichthyes ?,DESC,def,1,3680
what type of currency is used in china ?,ENTY,currency,2,5449
what happened to answers.com ?,DESC,desc,1,4998
what are the dimensions of an ice hockey goal ?,NUM,dist,5,1549
which way do you turn your bic to increase the flame - clockwise or counterclockwise ?,LOC,other,4,675
what one of the backstreet boys are single ?,HUM,ind,3,2247
what sea separates naples and algiers ?,LOC,other,4,1311
how many people live in tokyo ?,NUM,count,5,1747
what did abolitionists try to end ?,ENTY,other,2,4524
what can be done about snoring ?,DESC,desc,1,2998
what toy can you make sleep ?,ENTY,product,2,5186
whose acceptance speech of more than 3 minutes prompted a time limit on academy award thank-yous ?,HUM,ind,3,3772
"what english playwright penned : `` where the bee sucks , so shall i '' ?",HUM,ind,3,5073
which of the following people is not associated with andy warhol ?,HUM,ind,3,2481
why is microsoft 's windows 3 such a successful computer program ?,DESC,reason,1,3980
what is the english translation for the word `` caliente '' ?,ENTY,termeq,2,1558
how do chickens have baby chicks ?,DESC,manner,1,125
what was another name for east germany ?,ENTY,termeq,2,1608
what writer-journalist made his mark describing colorful broadway and underworld characters ?,HUM,ind,3,3074
what do you need to do to marry someone in jail ?,DESC,desc,1,3707
in what ways did ivan iv support russian expansion ?,ENTY,techmeth,2,3312
who told all in ball four ?,HUM,ind,3,5343
what causes the redness in your cheeks when you blush ?,DESC,reason,1,359
what is the acronym for the national bureau of investigation ?,ABBR,abb,0,2357
what year was the atm first introduced ?,NUM,date,5,2408
how long does it take the typical american to eat 23 quarts of ice cream ?,NUM,period,5,1947
what southwestern state is dubbed the silver state ?,LOC,state,4,4183
what line divided the north and south in the u.s. civil war ?,ENTY,other,2,4746
what 's the best way to lose the flab under your chin and around your face ?,ENTY,techmeth,2,2870
what is a fear of childbirth ?,ENTY,dismed,2,5140
how big is a quart ?,NUM,volsize,5,1185
what is sound ?,DESC,def,1,4496
what does laser stand for ?,DESC,def,1,3131
where is rider college located ?,LOC,other,4,1260
what grand slam golf tournament wasn 't held between 1940 and 1945 ?,ENTY,sport,2,5183
what 's the largest island in the west indies ?,LOC,other,4,2723
what do i call the sons and daughters of my first cousins ?,ENTY,termeq,2,1595
how did the months of the year get there name ?,DESC,manner,1,4663
what color were ernest hemingway 's eyes ?,ENTY,color,2,4240
what famed clown appeared on an early howdy doody show and insisted that clarabell be made up as a real clown ?,HUM,ind,3,4535
who is the fastest guitarist ?,HUM,ind,3,1602
what city is found in the city of oz ?,LOC,city,4,1732
what city contains the district of hell 's kitchen ?,LOC,city,4,3086
how much snow equals an inch of rain ?,NUM,count,5,443
what determines the value of the pearl ?,ENTY,other,2,2008
what types of water pollution are there ?,ENTY,other,2,966
where can i find the schematics to the windshield wiper mechanism ?,LOC,other,4,4027
who did doris day mean when she said : `` i call him ernie because he 's certainly no rock '' ?,HUM,ind,3,3868
what nationality is a sicilian ?,LOC,country,4,4690
how do you make panoramic sugar eggs for easter - the ones with the scene inside ?,DESC,manner,1,1097
how many villi are found in the small intestine ?,NUM,count,5,86
what is worth seeing in reims ?,LOC,other,4,1709
who was the first man to return to space ?,HUM,ind,3,3019
how do i tie a tie ?,DESC,manner,1,2886
"what actor and world war ii airman had a $5 , 0 bounty put on his head by hermann goering ?",HUM,ind,3,1396
what comedian was born allen stewart konigsberg ?,HUM,ind,3,2015
where can i find a case on individuals with disabilities education act of 1991 ?,LOC,other,4,377
"what country covers 8 , 600 , 387 square miles ?",LOC,country,4,2266
how many people in tucson ?,NUM,count,5,3032
name the various costumed personas of dr. henry pym .,HUM,ind,3,883
what kind of weapons were used in medieval warfare ?,ENTY,other,2,1746
what judith rossner novel was made into a film starring diane keaton ?,ENTY,cremat,2,685
what is the chromosome number of an elephant ?,NUM,other,5,5242
where did victor hugo spend his exile ?,LOC,other,4,3192
what 's the most popular form of gambling with women in las vegas ?,ENTY,sport,2,3809
what do flatfish eat ?,ENTY,food,2,637
how do movie blues screens work ?,DESC,manner,1,2859
what product does `` mrs. olsen '' promote ?,ENTY,product,2,395
how many trees go into paper making in a year ?,NUM,count,5,2756
who is the actress bette davis once said she wished she looked like ?,HUM,ind,3,3000
how do i find info about rice importers in the world ?,DESC,manner,1,2727
what is the largest city on the great lakes ?,LOC,city,4,532
describe the finnish music personality salonen 's appearance .,DESC,desc,1,1314
what kind of books does fodor 's publish ?,ENTY,cremat,2,664
what is the origin of the ethnic category `` caucasian '' ?,DESC,desc,1,1315
where can i learn about samuel gompers ?,LOC,other,4,2326
what famed river flows through bagdad ?,LOC,other,4,2962
who did the seven mules block for ?,HUM,ind,3,4710
what is the weight of air ?,NUM,weight,5,4050
what is the telephone number for the university of kentucky ?,NUM,code,5,533
who was camp david named for ?,HUM,ind,3,1681
who was darius ?,HUM,desc,3,1366
jude law acted in which film ?,ENTY,cremat,2,1187
why is indiglo called indiglo ?,DESC,reason,1,2840
where is south bend ?,LOC,other,4,5402
how much folic acid should a pregnant woman get each day ?,NUM,count,5,3322
on what continent is mozambique ?,LOC,other,4,5373
where is procter & gamble headquartered in the u.s. ?,LOC,other,4,437
what makes popcorn pop ?,DESC,reason,1,460
what is the amount of money owed for illegally having a dog on a beach ?,NUM,money,5,4894
what is `` the great american family cereal '' ?,ENTY,food,2,4703
what do japanese school uniforms look like ?,DESC,desc,1,2425
who said `` give me liberty or give me death '' ?,HUM,ind,3,3737
what kind of greeting is appropriate to send on yom kippur ?,DESC,desc,1,5106
what does a topophobic actor suffer from ?,ENTY,dismed,2,796
who were leaders of the byzantine empire ?,HUM,ind,3,3269
what president was assassinated by charles j. guiteau ?,HUM,ind,3,2043
where are the u.s. headquarters for procter & gamble ?,LOC,other,4,4034
what country is mount everest in ?,LOC,country,4,5014
what color is the stripe along each side of a coho salmon ?,ENTY,color,2,1720
what russian composer 's prelude in c sharp minor brought him fame and fortune ?,HUM,ind,3,233
"which is a real berry : blackberry , cranberry , raspberry , strawberry ?",ENTY,food,2,5381
what 's the name of the tampa newspaper ?,ENTY,cremat,2,2806
what are geckos ?,DESC,def,1,5017
where does the expression `` cloud nine '' come from ?,DESC,desc,1,4007
what does the statue of liberty wear on her feet ?,ENTY,other,2,507
what kind of sports team is the buffalo sabres ?,ENTY,sport,2,4585
what is tumbled marble ?,DESC,def,1,1950
who received the will rogers award in 1989 ?,HUM,ind,3,384
what kind of crystals exist ?,ENTY,substance,2,3926
what onetime member of ronald reagan 's cabinet called federal policy toward indians `` an example of the failure of socialism '' ?,HUM,ind,3,4093
what is a phalanx ?,DESC,def,1,1393
"what new middle school was built in philadelphia , pennsylvania last year ?",HUM,gr,3,831
what is the name of the gulf between sweden and finland ?,LOC,other,4,4475
what was the u.s. highway death toll in 1969 ?,NUM,count,5,1391
who was the first king of england ?,HUM,ind,3,3005
what are the components of polyester ?,ENTY,other,2,3390
what nationality was jackson pollock ?,LOC,country,4,1703
how does psorisis disappear ?,DESC,manner,1,1881
how much pizza do americans eat in a day ?,NUM,count,5,1484
where does chocolate come from ?,LOC,other,4,374
what group asked the musical question do you believe in magic ?,HUM,gr,3,2784
where did the term fireplug come from ?,DESC,desc,1,3856
why do rooftops give off steam after a big rainstorm ?,DESC,reason,1,1702
what are the lengths of pearl necklaces ?,NUM,dist,5,1112
"what robert louis stevenson novel was inspired by deacon william brodie , a cabinetmaker by day and burglar by night ?",ENTY,cremat,2,3720
what is the full classification of a lady bug ?,ENTY,animal,2,2678
what are the valdez principles ?,DESC,def,1,1955
what vladimir nabokov novel features professor humbert in love with a 12-year-old girl ?,ENTY,cremat,2,566
who said : `` soldiers win the battles and generals get the credit '' ?,HUM,ind,3,1113
what title does comedian henry youngman claim ?,HUM,title,3,3988
what do peacocks mate with ?,ENTY,animal,2,2330
why are eggs supposed to be stored small end down ?,DESC,reason,1,5408
what are the seven seas ?,LOC,other,4,1454
"what cereal goes `` snap , crackle , pop '' ?",ENTY,food,2,5117
what year did spielberg make `` jaws '' ?,NUM,date,5,2365
how does a small businessman contact the good humor ice cream company to do business with them ?,DESC,manner,1,2118
what is the greatest hiking web site ?,LOC,other,4,4355
what green bay packers coach philosophized : `` there 's nothing that stokes the fire like hate '' ?,HUM,ind,3,2096
who said of super bowl iii in 1969 : `` we 'll win- i guarantee it '' ?,HUM,ind,3,371
whose video is titled shape up with arnold ?,HUM,ind,3,1058
who sings the song `` drink to me with thine eyes '' by ben johnson ?,HUM,ind,3,673
what is an example of a natural acid-base indicator ?,ENTY,other,2,2725
how old was stevie wonder when he signed with motown records ?,NUM,period,5,4328
why is microsoft 's windows 3 software so successful ?,DESC,reason,1,2030
how many wives did brigham young have ?,NUM,count,5,535
who was lauren bacall 's first husband ?,HUM,ind,3,857
where can i read about chiang kai-shek ?,LOC,other,4,3333
where does most of the marijuana entering the united states come from ?,LOC,other,4,4991
what is the origin of music ?,DESC,desc,1,4455
what food did marco polo introduce into italy from the court of kubla khan ?,ENTY,food,2,4879
what countries have the best math students ?,LOC,country,4,1979
"what college enlivens hanover , new hampshire ?",HUM,gr,3,3341
"what famous new york city mayor wrote the hit song , `` will you love me in december as you do in may ? ''",HUM,ind,3,3943
what therapy attempts to elicit the `` primal scream '' ?,ENTY,dismed,2,191
which beatles disc cover honors the rolling stones ?,ENTY,cremat,2,2462
how many colors are there in a rainbow ?,NUM,count,5,4432
what product did robert conrad dare people to knock off his shoulder ?,ENTY,product,2,346
what is cache memory ?,DESC,def,1,1448
what did louis cartier invent for aviator santos dumont in 1940 ?,ENTY,other,2,3407
what corporation does madonna advertise for ?,HUM,gr,3,5188
where do chihuahuas come from ?,DESC,desc,1,111
what common livestock have the greatest variety of breeds ?,ENTY,animal,2,2770
what fowl grabs the spotlight after the chinese year of the monkey ?,ENTY,animal,2,4
what city in the u.s. experienced the most growth recently ?,LOC,city,4,1761
what is barnstorming ?,DESC,def,1,3545
who was the only u.s. president to wear a nazi uniform ?,HUM,ind,3,702
what color beans did the ancient romans refuse to eat ?,ENTY,color,2,3804
what is average salary of restaurant manager in united states ?,NUM,money,5,2588
what two animals are specifically mentioned as being in noah 's ark ?,ENTY,animal,2,5038
what is `` the bear of beers '' ?,ENTY,animal,2,602
what william makepeace thackeray novel was made into a film by stanley kubrick ?,ENTY,cremat,2,3238
what relative of leo tolstoy translated war and peace eight times ?,HUM,ind,3,4320
what do economists do ?,DESC,desc,1,514
what international organization was founded by clara barton ?,HUM,gr,3,5276
what color is an arctic fox in winter ?,ENTY,color,2,1135
"when did lucelly garcia , a former ambassador of columbia to honduras , die ?",NUM,date,5,4155
what drug did sigmund freud become fascinated with while experimenting with the treatment of neurasthenia ?,ENTY,dismed,2,1190
what is the world 's highest peak ?,LOC,mount,4,1294
who invented the moog synthesizer ?,HUM,ind,3,4133
what country owns corsica ?,LOC,country,4,4168
which type of soda has the greatest amount of caffeine ?,ENTY,food,2,4689
"who played the part of the godfather in the movie , ` the godfather ' ?",HUM,ind,3,2568
what are the living conditions in cuba ?,DESC,desc,1,885
"what does caliente mean , in english ?",DESC,def,1,2547
what is the function of the appendix ?,DESC,reason,1,1671
what year was the first automobile manufactured ?,NUM,date,5,3323
which large u.s. city had the highest murder rate for 1988 ?,LOC,city,4,4563
what food can i use to catch a possum ?,ENTY,food,2,2717
what is a fear of hair ?,ENTY,dismed,2,2880
"how can i find a list of , fax and or email , addresses for human resource departments in massachusetts ?",DESC,manner,1,1774
what is `` the airline built for professional travelers '' ?,HUM,gr,3,3554
"where does buzz aldrin want to build a permanent , manned space station ?",LOC,other,4,760
"what is the location of edinburgh , scotland ?",LOC,other,4,4723
who was the first jockey to ride two triple crown winners ?,HUM,ind,3,3250
what country comes last in an alphabetical list ?,LOC,country,4,5103
where is the massive north korean nuclear complex located ?,LOC,other,4,4288
what baseball team became the minnesota twins ?,HUM,gr,3,1834
what body of water does the yukon river empty into ?,LOC,other,4,4275
what are the chances of pregnacy if the penis does not penetrate the vagina ?,NUM,perc,5,3507
what is the fastest-growing comic strip of all time ?,ENTY,cremat,2,4042
what is the difference between the koran and the bible ?,DESC,desc,1,5179
what 2th-century american poet wrote a four-volume biography of abraham lincoln ?,HUM,ind,3,4223
what card company sells christmas ornaments ?,HUM,gr,3,2773
what chapter of gone with the wind has rhett butler leaving scarlett o 'hara ?,NUM,ord,5,2452
how does james bond like his martinis ?,DESC,manner,1,4213
what count did alexandre dumas write about ?,HUM,ind,3,1497
what is betsy ross famous for ?,DESC,reason,1,215
how many visitors go to the vatican each year ?,NUM,count,5,3288
what 's a male `` cuckquean '' ?,DESC,def,1,4597
who should i call to get a tour of the new york stock exchange ?,HUM,ind,3,3197
how do i make fuel bricks from recycled newspaper ?,DESC,manner,1,76
what 's the largest u.s. city on the great lakes ?,LOC,city,4,1301
what 's the official language of algeria ?,ENTY,lang,2,2037
what does idle mean ?,DESC,def,1,3601
how many miles is it to ohio from north carolina ?,NUM,count,5,442
how many tiles did the space shuttle columbia lose on its second flight ?,NUM,count,5,4391
what is a pyrotechnic display ?,DESC,def,1,1037
when did thatcher become prime minister ?,NUM,date,5,3965
who was known as the time master in comic books ?,HUM,ind,3,1896
how can you tell when figs are ripe ?,DESC,manner,1,4687
who was the lawyer who represented randy steven craft ?,HUM,ind,3,5379
who were the head writers for the smothers brothers comedy hour ?,HUM,ind,3,4358
at what age did rossini stop writing opera ?,NUM,period,5,2994
what international sport was originally called hurley ?,ENTY,sport,2,3053
what does it take to become a lawyer ?,ENTY,other,2,4019
what did woody allen call the japanese gangster film he dubbed into english as a comedy ?,ENTY,cremat,2,3986
where can i read about abraham lincoln ?,LOC,other,4,4000
what 's destroyed in genesis 19 : 24 ?,ENTY,other,2,2797
where did the world come from ?,LOC,other,4,3777
why can 't you taste anything when you have a cold ?,DESC,reason,1,2553
in what u.s. state was the first woman governor elected ?,LOC,state,4,424
"what card game has variations called canfield , klondike and spider ?",ENTY,sport,2,947
what was the sister ship of the olympic ?,ENTY,veh,2,2691
where can i take a test that will tell me what i should be when i grow up ?,LOC,other,4,4810
how many queen bees reign in a hive ?,NUM,count,5,4169
what 1895 h.g. wells novel was written under the title the chronic argonauts ?,ENTY,cremat,2,5052
what three european countries begin with the letter a ?,LOC,country,4,1817
the operating system that runs on ibm-compatible machines is called what ?,ENTY,termeq,2,3458
how many films are made by the major studios in a year ?,NUM,count,5,2620
what 's the sequel to alice 's adventures in wonderland ?,ENTY,cremat,2,2703
what was the monster in spielberg 's film `` jaws '' ?,ENTY,animal,2,1134
what detective lives on punchbowl hill and has 11 children ?,HUM,ind,3,4470
what does hiv stand for ?,ABBR,exp,0,3788
"what tv series featured neal , a martini-drinking st. bernard ?",ENTY,cremat,2,2018
what does the name kelly mean ?,DESC,def,1,1392
what does the word `` meta '' mean ?,DESC,def,1,1245
mississippi is nicknamed what ?,ENTY,termeq,2,1722
who won the 1968 california democratic primary ?,HUM,ind,3,3711
how many holes are there in a tenpin bowling ball ?,NUM,count,5,598
how does the nintendo `` zapper '' work ?,DESC,manner,1,4321
who was the second person ever to wear iron man 's armor ?,HUM,ind,3,4323
how can sql queries be improved ?,DESC,manner,1,4401
what took first prize in omni magazine 's contest to find the `` ultimate unanswerable question '' ?,ENTY,other,2,2038
how many people die of tuberculosis yearly ?,NUM,count,5,5099
what comedian has a legendary reputation for stealing jokes ?,HUM,ind,3,1220
what is `` the soft drink for adults '' ?,ENTY,food,2,4376
what does e=mc2 mean ?,DESC,def,1,2148
how long does a fly live ?,NUM,period,5,3489
who accompanied space ghost on his missions ?,HUM,ind,3,3833
what caused the titanic to sink ?,DESC,reason,1,2124
what is form drag ?,DESC,def,1,4625
"what disease plagued europe , africa and asia ?",ENTY,dismed,2,5041
who was lacan ?,HUM,desc,3,1171
how did lee harvey oswald purchase his rifle ?,DESC,manner,1,1931
who was the first actress to appear on a postage stamp ?,HUM,ind,3,2525
who created dennis the menace ?,HUM,ind,3,196
what singer 's theme song was when the moon comes over the mountain ?,HUM,ind,3,3446
where can i get mailing lists ?,LOC,other,4,3878
what is the first book of the old testament ?,ENTY,cremat,2,4618
"how many miles is it from frankfurt , germany to salzburg , austria ?",NUM,count,5,3498
which two states enclose chesapeake bay ?,LOC,state,4,30
"what overalls are named for dungri , a suburb of bombay ?",ENTY,other,2,1701
what is a fear of being dirty ?,ENTY,dismed,2,1942
what ocean liner burned and sank in hong kong harbor ?,ENTY,veh,2,2467
"what is p.m. an abbreviation for , as in 5 p.m. ?",ABBR,exp,0,5261
what is the name of the jewish alphabet ?,ENTY,termeq,2,1377
what was an `` asiento '' ?,DESC,def,1,5105
whose cupboard was bare ?,HUM,ind,3,1453
what war did johnny reb and billy yank fight ?,ENTY,event,2,3181
how do i find a web address for a company ?,DESC,manner,1,5079
how much caffeine is in a 16 oz cup of coffee ?,NUM,count,5,1997
"who does shakespeare 's antonio borrow 3 , 0 ducats from ?",HUM,ind,3,1463
how many people lived in nebraska in the mid 1900s ?,NUM,count,5,3425
"how many people have been killed in wars , armed conflicts ?",NUM,count,5,4077
what war did the wanna-go-home riots occur after ?,ENTY,event,2,161
why did the chicken cross the road ?,DESC,reason,1,771
where did the name root beer come from ?,DESC,desc,1,4547
what have you not let a tennis ball do if you volley ?,DESC,desc,1,2658
"what is the history of spartacus , the roman slave and gladiator ?",DESC,desc,1,4620
why is the moon different sizes and colors ?,DESC,reason,1,3340
who died 1 feet from where john f. kennedy did ?,HUM,ind,3,612
whom did the chicago bulls beat in the 1993 championship ?,HUM,gr,3,655
what commodity 's shortage was the largest single factor in keeping north american cars off the roads during world war ii ?,ENTY,other,2,4973
what do sailors use to measure time ?,ENTY,techmeth,2,3805
what american sergeant lost both of his hands in combat during world war ii and then went on to act in a single movie for which he won two oscars ?,HUM,ind,3,4020
what is a gas release event ?,DESC,def,1,1839
"what feathered cartoon characters do yugoslavians know as vlaja , gaja , and raja ?",HUM,ind,3,1154
what does the georgetown `` hoya '' mean ?,DESC,def,1,120
what basketball maneuver did bert loomis invent ?,ENTY,techmeth,2,1582
how did shipyard inspector james j. kilroy designate equipment as being satisfactory ?,DESC,manner,1,622
what is a wop ?,DESC,def,1,553
"what future deer hunter portrayed annie hall 's neurotic brother , duane ?",HUM,ind,3,4383
when was berlin 's brandenburg gate erected ?,NUM,date,5,905
"what 's the name of the actress who starred in the movie , `` silence of the lambs '' ?",HUM,ind,3,4712
what is the name of the brilliant british economist behind its creation ?,HUM,ind,3,3039
when did mount st. helen last have a significant eruption ?,NUM,date,5,261
where is the biggest bell ?,LOC,other,4,2939
what russian novel embracing more the 5 characters is set in the napoleonic wars ?,ENTY,cremat,2,2536
what texas surgeon performed the first artificial heart transplant ?,HUM,ind,3,2597
when was the first stained glass window made ?,NUM,date,5,5218
what is a fear of trees ?,ENTY,dismed,2,3656
what square is the geographical center of london ?,LOC,other,4,3184
what do you do when your mouse is n't working as fast as it 's supposed to ?,DESC,desc,1,2055
what is the federal minimum wage ?,NUM,money,5,1721
"who wrote the sci-fi trilogy foundation , foundation and empire , and second foundation ?",HUM,ind,3,4772
how many bottles of wine were prisoners in the bastille allowed per day ?,NUM,count,5,4763
what wild and crazy guy wrote a book called cruel shoes ?,HUM,ind,3,5327
who portrayed the cowardly lion in the wizard of oz ?,HUM,ind,3,3001
what was the name of that popular song the creeps sang ?,ENTY,cremat,2,585
where do quality drinks begin ?,LOC,other,4,4192
what is a certified nurse midwife ?,DESC,def,1,839
who was the first russian astronaut to walk in space ?,HUM,ind,3,3723
what year did germany sign its nonaggression pact with the soviet union ?,NUM,date,5,907
how many members are in the california congressional delegation ?,NUM,count,5,2983
in what year was de gaulle elected president of france ?,NUM,date,5,172
where is natick ?,LOC,other,4,2194
what layer of the atmosphere contains most of the ozone layer ?,ENTY,other,2,4259
how do you find out what is allowed to claim as a contibution for income tax purposes ?,DESC,manner,1,3378
what was the name of robert fulton 's most famous steamboat ?,ENTY,veh,2,3503
which member of charlie 's angels sang vocals for josie and the pussycats ?,HUM,ind,3,4904
name the cartoon genie conjured by the magic ring shared by nancy and chuck .,HUM,ind,3,4892
what was the food of the greek gods called ?,ENTY,food,2,2814
what 's another name for aspartame ?,ENTY,termeq,2,1983
what mythical figure carries an hourglass and a scythe ?,HUM,ind,3,3042
what is the population of mozambique ?,NUM,other,5,2229
name dick tracy 's two children .,HUM,ind,3,4398
what did aaron hass write ?,ENTY,cremat,2,1697
what is a first world country ?,DESC,def,1,3125
how many blacks served in the vietnam war,NUM,count,5,5255
what political party is sinn fein a part of ?,HUM,gr,3,3400
where is the taj mahal ?,LOC,other,4,4610
what does e.g. stand for ?,ABBR,exp,0,1397
what is her husband 's name ?,HUM,ind,3,2385
what breed of dog was the `` little rascals '' dog ?,ENTY,animal,2,884
what was the business of the animated sky hawks ?,HUM,gr,3,1699
why were red m&ms discontinued then brought back ?,DESC,reason,1,4018
how long did the charles manson murder trial last ?,NUM,period,5,2576
what is the definition of a witch ?,DESC,def,1,3945
what carries sperm up into the pelvic region ?,ENTY,body,2,2407
who played maria in the film west side story ?,HUM,ind,3,4684
what is the oldest website on the internet ?,LOC,other,4,1076
how many days does a typical mayfly live ?,NUM,count,5,3942
what is the name of the tallest mountain in the world ?,LOC,mount,4,237
who played emperor palpatine in star wars ?,HUM,ind,3,3541
what american won the world grand prix driving championship in 1978 ?,HUM,ind,3,2897
cnn is an acronym for what ?,ABBR,exp,0,3411
what are the lyrics to `` smelly cat '' ?,DESC,desc,1,3321
the jewish alphabet is known as what ?,ENTY,termeq,2,5097
what is the origin of the word `` teddy bear '' ?,DESC,desc,1,4753
who was president cleveland 's wife ?,HUM,ind,3,4123
what rock group raised a ruckus at the white house by singing american woman ?,HUM,gr,3,4529
who was tiny tim 's father ?,HUM,ind,3,2920
what is the most famous german word in the english language ?,ENTY,word,2,5239
what world war ii leader declared : `` the blow has been struck '' ?,HUM,ind,3,3837
what does bud stand for ?,ABBR,exp,0,5059
what time of year has the most air travel ?,NUM,date,5,2833
what businesses or agencies would do an employment verification ?,HUM,gr,3,4091
what are the top boy names in the u.s. ?,HUM,ind,3,4390
what country lies directly south of detroit ?,LOC,country,4,3882
what country will hit the year 2 first ?,LOC,country,4,3179
how deep is a fathom ?,NUM,dist,5,5076
what is the treatment for depression ?,ENTY,techmeth,2,1150
what south african producer had a 1988 profit of $836 million ?,HUM,gr,3,2748
what is the design of the ship titanic ?,DESC,desc,1,221
how many lakes are there on the earth ?,NUM,count,5,3486
who was the lyricist and who was the composer between gilbert and sullivan ?,HUM,ind,3,4393
what 's the second-largest island in the world ?,LOC,other,4,963
what is the origin of the word `` tampon '' ?,DESC,desc,1,3836
what piece of jewelry is pictured on monopoly 's luxury tax space ?,ENTY,other,2,4225
what is the difference between the anus and the rectum ?,DESC,desc,1,2512
what mammal of north america is the world 's longest-lived for its size ?,ENTY,animal,2,949
what excuse did the nato people give for hitting the chinese embassy ?,DESC,desc,1,940
when are the oscars academy awards in 1999 ?,NUM,date,5,4871
what 's another word that means `` knows all '' ?,ENTY,word,2,1871
how many horses are there on a polo team ?,NUM,count,5,2796
what robust u.s. president imported his own instructor after seeing a judo match ?,HUM,ind,3,3617
what is the abbreviated form of the national bureau of investigation ?,ABBR,abb,0,2068
what chocolate bar created by frank mars and his wife is often called a milky way with peanuts ?,ENTY,food,2,1601
which college did dikembe mutombo attend ?,HUM,gr,3,2524
how much of the silver production is manufactured by independent silversmiths ?,NUM,count,5,3556
who was samuel johnsons 's friend and biographer ?,HUM,ind,3,4970
what 's the name of popeye 's adopted son ?,HUM,ind,3,1458
what 's the longest river in the world ?,LOC,other,4,902
how many electoral votes does it take to win presidency ?,NUM,count,5,1964
what state capital comes last alphabetically ?,LOC,city,4,2572
what 's bottled in jeroboams ?,ENTY,other,2,4068
how many of them are in sub-saharan africa ?,NUM,count,5,4619
what island is home to statues called mauis ?,LOC,other,4,4340
"what poem contains the line , `` grow old with me the best is yet to be '' .",ENTY,cremat,2,159
what year did hitler die ?,NUM,date,5,426
name a novel written by john steinbeck .,ENTY,cremat,2,3344
what were the three prophecies the witches make to macbeth ?,DESC,desc,1,1855
what is a nanometer ?,DESC,def,1,529
how many degrees cooler is the inside of a cucumber than the air outside ?,NUM,count,5,728
how many times more than 3,NUM,count,5,5211
"where can i find information about bob barr , representative from georgia ?",LOC,other,4,1960
what title did shevardnadze have during the soviet era ?,HUM,title,3,4413
what facial feature typically contains about 55 hairs ?,DESC,desc,1,737
what state does charles robb represent ?,LOC,state,4,3253
what countries earn the most from tourism ?,LOC,country,4,4868
what do you call a book of quotes ?,ENTY,termeq,2,3760
how do you get a pointsettia to turn red ?,DESC,manner,1,4353
what planet gave bith to superman ?,LOC,other,4,5280
"what is the latitude and longitude of el paso , texas ?",NUM,other,5,1536
what are fortune 500 companies ?,DESC,def,1,4758
what is eagle 's syndrome styloid process ?,DESC,def,1,202
in what olympic games did nadia comaneci become popular ?,ENTY,sport,2,689
"on average , how many miles are there to the moon ?",NUM,count,5,840
what does lol mean ?,ABBR,exp,0,2143
how many islands make up antigua ?,NUM,count,5,3257
where can i find free piano scores for popular music ?,LOC,other,4,4106
"what molecules include fluorine , sodium and magnesium ?",ENTY,substance,2,1575
what company 's trademark was his master 's voice ?,HUM,gr,3,5219
who is the man behind the pig-the man who pulls the strings and speaks for miss piggy ?,HUM,ind,3,351
who was william henry harrison ?,HUM,desc,3,1968
what 's the colored part of the eye called ?,ENTY,body,2,163
how hot should the oven be when baking peachy oat muffins ?,NUM,temp,5,5107
what does el nino mean in spanish ?,ENTY,termeq,2,2181
what does ` psi ' stand for ?,ABBR,exp,0,295
"what card game derived its name from biritch , or russian whist ?",ENTY,sport,2,4788
what is the jewish bible called ?,ENTY,cremat,2,496
a corgi is a kind of what ?,ENTY,other,2,1760
how can i get in touch with michael moore of `` roger & me '' ?,DESC,manner,1,4370
who developed the first polio vaccine ?,HUM,ind,3,1328
what is a mathematical factor ?,DESC,def,1,2978
what is agent orange ?,DESC,def,1,4419
how long does it take light to reach the earth from the sun ?,NUM,period,5,1203
what j.r.r. tolkien book features gimli as a central character ?,ENTY,cremat,2,2195
who painted `` soft self-portrait with grilled bacon '' ?,HUM,ind,3,2440
what is a person called that likes fire ?,HUM,ind,3,1887
what is nebraska 's most valuable resource ?,ENTY,other,2,81
what is an example of a famous rock band from the sixties ?,HUM,gr,3,2485
which condiment was once sold as a patent medicine ?,ENTY,food,2,931
what is the longest word in the english language ?,ENTY,word,2,599
"where was the ligurian republic , 1797-185 , ?",LOC,other,4,414
what tv show did john sebastian sing the theme for ?,ENTY,cremat,2,2973
how many james bond novels are there ?,NUM,count,5,1060
what is a guild ?,DESC,def,1,2513
"what creature is the absolute fastest in moving in the world , birds , mammals , etc. , ?",ENTY,animal,2,1986
how many home runs did babe ruth hit in his lifetime ?,NUM,count,5,5331
what london street claims to be the world center for men 's tailoring ?,LOC,other,4,5084
what function does homeostasis have on the existence of an organism ?,DESC,reason,1,4557
how do i impress a guy ?,DESC,manner,1,2005
what facial feature did walt disney sport that none of disney 's employees is allowed to ?,DESC,desc,1,3857
what does the name ` alexandra ' mean ?,DESC,def,1,2342
who was sherlock holmes 's archenemy ?,HUM,ind,3,4029
what county is chicago in ?,LOC,other,4,735
what does an edentulous smile lack ?,ENTY,other,2,3231
how many equal sides are there on a scalene triangle ?,NUM,count,5,2419
how would i find the price of different organs that have been donated ?,DESC,manner,1,1715
who is the current prime minister and president of russia ?,HUM,ind,3,1533
what does the policeman become in the canadian edition of monopoly ?,ENTY,other,2,1963
what is the socratic method ?,DESC,def,1,2282
what did john f. kennedy consider his greatest blunder in office ?,DESC,desc,1,1984
how many airline schools are there in the u.s. ?,NUM,count,5,3198
why do n't you guys have some sort of contest where you ask a question and whoever finds the answers wins a prize ?,DESC,reason,1,633
what is supergirl 's secret identity ?,HUM,ind,3,2075
how long did it take stanley to find livingstone ?,NUM,period,5,1623
what animals do you find in the stock market ?,ENTY,animal,2,615
what is martin luther king jr. 's real birthday ?,NUM,date,5,1053
what is meant by `` capital market '' ?,DESC,def,1,4886
what is the definition of hazmat ?,DESC,def,1,2490
who was chairman of the senate select committee that tried to get to the bottom of watergate ?,HUM,ind,3,945
what actress holds the record for the most appearances on the cover of life ?,HUM,ind,3,2390
"what u.s. congressman said : `` keep the faith , baby '' .",HUM,ind,3,861
what seven digits follow the area code in the number for long distance information ?,NUM,code,5,5208
what color are school buses ?,ENTY,color,2,886
what state did helen keller call home ?,LOC,state,4,3204
what indian tribe is f troop perpetually doing battle with ?,HUM,gr,3,176
what 's the longest river in canada ?,LOC,other,4,3679
what is the name of the woman who was with john belushi when he died ?,HUM,ind,3,2367
"what is the name of actor rex harrison 's son , who starred in a modestly popular tv show during the late 1960's ?",HUM,ind,3,1216
where was lincoln assassinated ?,LOC,other,4,711
"what deck of cards includes the wheel of fortune , the lovers , and death ?",ENTY,other,2,506
what state was herbert hoover born in ?,LOC,state,4,2017
which of the following famous people does not paint as a hobby ?,HUM,ind,3,3185
what u.s. vice-president said : `` some newspapers dispose of their garbage by printing it '' ?,HUM,ind,3,2857
how long should you feed your puppy purina puppy chow ?,NUM,period,5,5299
how many types of lemurs are there ?,NUM,count,5,4088
what did andy hardy 's father do for a living ?,HUM,title,3,3630
what james michener book is subtitled spanish travels and reflections ?,ENTY,cremat,2,1840
how much caffeine is in a 16 oz cup of coffee ?,NUM,count,5,3815
how many cullions does a male have ?,NUM,count,5,5368
"what tv series saw many of its aquatic scenes shot at silver springs , florida ?",ENTY,cremat,2,2953
what currents affect the area of the shetland islands and orkney islands in the north sea ?,DESC,reason,1,4629
what color are tennis balls ?,ENTY,color,2,938
who is the pope ?,HUM,ind,3,1936
what country has the best defensive position in the board game diplomacy ?,LOC,country,4,943
what was fred astaire 's dancing partner 's name ?,HUM,ind,3,5078
"what magazine gives us the cream , not the skim ?",ENTY,cremat,2,1303
what was the name of humphrey bogart 's club in casablanca ?,HUM,gr,3,4568
how deep is a fathom ?,NUM,dist,5,5272
what company is being bought by yahoo and how much is the deal worth ?,HUM,gr,3,904
when is the sun closest to the earth ?,NUM,date,5,3118
what color bottles do good rhine wines come in ?,ENTY,color,2,273
what bay divides maryland 's eastern and western shores ?,LOC,other,4,4237
what is the plural of gulf ?,ENTY,word,2,719
who was the second man to walk on the moon ?,HUM,ind,3,4271
when was the battle of the somme fought ?,NUM,date,5,280
what term means a sexual attraction between a male and a female ?,ENTY,termeq,2,2139
"what is the history of hot wheels cars , and how are they produced ?",DESC,desc,1,4164
what is lmds ?,ABBR,exp,0,4348
who wrote the look of love after viewing ursula andress ?,HUM,ind,3,1634
what are emblazoned on the jolly roger ?,ENTY,other,2,2012
what does the e stand for in the equation e=mc2 ?,ABBR,exp,0,3336
what u.s. state has sagebrush as its state flower ?,LOC,state,4,3100
who made the most appearances in the center square on hollywood squares ?,HUM,ind,3,2605
when is the tulip festival in michigan ?,NUM,date,5,483
who plays shortstop for charlie brown 's baseball team ?,HUM,ind,3,3162
what is a green bog ?,DESC,def,1,567
what homerian epic chronicles events toward the end of the trojan wars ?,ENTY,cremat,2,4115
what animal has the biggest eyes ?,ENTY,animal,2,285
in what year did thatcher gain power ?,NUM,date,5,2324
what does vcr stand for ?,ABBR,exp,0,3342
how long were tyrannosaurus rex 's teeth ?,NUM,dist,5,1913
what southern california town is named after a character made famous by edgar rice burroughs ?,LOC,city,4,4542
how many muscles does the average adult use when going for a walk ?,NUM,count,5,4724
what soft drink tells us to `` go hawaiian '' ?,ENTY,food,2,4694
what two states is washington d.c. between ?,LOC,state,4,5404
"what do the letters d.c. stand for in washington , d.c. ?",ABBR,exp,0,1350
when did beethoven die ?,NUM,date,5,229
who is the worst us president ever ?,HUM,ind,3,667
what scale measures earthquakes ?,ENTY,other,2,4664
what does playboy title its `` continuing dialog on contemporary issues between playboy and its readers '' ?,ENTY,termeq,2,4012
what does btu mean ?,ABBR,exp,0,3622
what is the origin of the word nevermind ?,DESC,desc,1,4270
what is the origin of the term soda jerk ?,DESC,desc,1,4734
what steps can be taken to prevent diabetes ?,DESC,desc,1,3206
what are the arabic numerals from 1 to 10 ?,DESC,desc,1,1962
what is the most heavily caffeinated soft drink ?,ENTY,food,2,785
what president had never held an elected office until he was elected to the white house ?,HUM,ind,3,5264
what city hosted the first winter olympics in asia ?,LOC,city,4,2733
who was the founding member of the pink floyd band ?,HUM,ind,3,288
where can i find a lesson plan for teaching the metric system conversion to american standard ?,LOC,other,4,2900
who was scrooge 's dead partner in dickens 's a christmas carol ?,HUM,ind,3,2821
what is michael jackson 's middle name ?,HUM,ind,3,1846
who was bonnie blue butler 's father ?,HUM,ind,3,2922
what day was pearl harbor attacked in 1942 ?,NUM,date,5,315
who won a pulitzer prize for his novel the caine mutiny ?,HUM,ind,3,2869
name an american made motorcycle .,ENTY,veh,2,4644
what double talking `` professor '' holds a doctorate in nothing ?,HUM,ind,3,729
what 's the most common street name in america ?,LOC,other,4,4508
what are `` inkhorn terms '' ?,DESC,def,1,2236
what does nasdaq stand for ?,ABBR,exp,0,308
where on the internet can i find a song lyrics database similar to the international lyrics server ?,LOC,other,4,117
what countries have the largest armed forces in the world ?,LOC,country,4,1567
name a movie about the sioux indians starring kevin costner .,ENTY,cremat,2,541
how long does it take the typical hen to lay 19 dozen eggs ?,NUM,period,5,1116
what does the number 33 on the rolling rock beer bottle mean ?,DESC,def,1,2200
what 's the international lawn tennis challenge trophy usually called ?,ENTY,termeq,2,2100
what fastener did whitcomb judson patent in 1893 ?,ENTY,other,2,574
where can i look at a perpetual calendar ?,LOC,other,4,1274
what country 's capital was formed when pesth and buda merged ?,LOC,country,4,3981
where is basque country located ?,LOC,other,4,394
who has more dna - a man or a woman ?,HUM,ind,3,474
what european city do nicois live in ?,LOC,city,4,266
how many tenths of the earth 's surface lie under water ?,NUM,count,5,3708
how many elevators do you ride to reach the top floor of the empire state building ?,NUM,count,5,1407
what beer is ` rockin ' america ? '',ENTY,food,2,4110
how do i legally make my own will and testament ?,DESC,manner,1,5423
which type of submarine was bought recently by south korea ?,ENTY,veh,2,4466
how is carbon dioxide removed from natural gas ?,DESC,manner,1,4303
who reports the weather on the `` good morning america '' television show ?,HUM,ind,3,2848
what presidential administration challenged americans to explore the new frontier ?,HUM,gr,3,3046
what is cosmology ?,DESC,def,1,5019
what fraction of a beaver 's life is spent swimming ?,NUM,perc,5,4400
how is an executioner determined ?,DESC,manner,1,3480
"who portrayed etta place , companion to butch cassidey and the sundance kid ?",HUM,ind,3,989
what is the busiest air travel season ?,NUM,date,5,162
what is hypertext ?,DESC,def,1,2284
"when mighty mouse was conceived , what was his original name ?",HUM,ind,3,1765
what constellation contains the twins castor and pollux ?,LOC,other,4,1837
what russian city boasts the hermitage museum ?,LOC,city,4,628
what are the names of jack 's original roommates on three 's company ?,HUM,ind,3,2489
name a flying mammal .,ENTY,animal,2,4206
"what is the address for the main government office in rome , italy ?",LOC,other,4,2601
what is dsl ?,ABBR,exp,0,5316
what is the origin of the city `` corpus christi '' ?,DESC,desc,1,2201
what is the medical term for cancer of the blood ?,ENTY,dismed,2,3161
what is java ?,DESC,def,1,2964
what kind of business is 7-eleven ?,HUM,gr,3,4816
what high school does archie attend ?,HUM,gr,3,2696
"what dropped 1 , 313 feet in 1980 ?",ENTY,other,2,3466
what was the number of people that randy steven craft was convicted of killing ?,NUM,other,5,707
what is the highest mountain in the world ?,LOC,mount,4,671
what is the history of buffalo chicken wings ?,DESC,desc,1,4950
what is the principal river of ireland ?,LOC,other,4,2651
what is prepared mustard ?,DESC,def,1,792
how can you prevent it ?,DESC,manner,1,1599
what natural attractions draw the most visitors in the united states ?,LOC,other,4,3045
what nevada center has been dubbed the biggest little city in the world ?,LOC,city,4,419
which college did dikembe mutombo play basketball at ?,HUM,gr,3,3213
what animal do buffalo wings come from ?,ENTY,animal,2,3375
what does the abbreviation ioc stand for ?,ABBR,exp,0,2593
"what sound does olympia , washington , overlook ?",LOC,other,4,1430
who wrote ` dubliners ' ?,HUM,ind,3,3726
what 's the most extensively grown and eaten food ?,ENTY,food,2,4342
what heavyweight boxer was known as the wild bull of the pampas ?,HUM,ind,3,5082
where did the term `` 86ed '' come from ?,DESC,desc,1,54
"dialing , 900 , 740-tree to have a tree planted will cost how much ?",NUM,money,5,2916
what is a tonne ?,DESC,def,1,3096
what is a specimen of basidiomycetes ?,DESC,def,1,5100
how come light bulbs go out ?,DESC,reason,1,2758
"what sport features slotbacks , tailbacks , and touchbacks ?",ENTY,sport,2,4170
what are pushed and coupled in hump yards ?,ENTY,other,2,2731
what sport was the first televised in the u.s. ?,ENTY,sport,2,3318
what is jane goodall known for ?,DESC,reason,1,429
what is the quickest and easiest way to get nail polish out of clothes ?,ENTY,techmeth,2,1285
what does ouija mean ?,DESC,def,1,3201
where can i find information on the narragansett indians and other tribes in rhode island ?,LOC,other,4,661
where did the japanese imperial forces surrender to end wwii ?,LOC,other,4,4943
"what nuclear-powered russian submarine sank in the norwegian sea on april 7 , 1989 ?",ENTY,veh,2,2552
what 's the largest letter in salvador dali 's signature ?,ENTY,letter,2,1356
what is the largest office block in the world ?,LOC,other,4,3159
what country are you in if you woo in the wu dialect ?,LOC,country,4,1780
why was curious george curious ?,DESC,reason,1,5193
how many different languages are spoken in europe ?,NUM,count,5,1016
who is always trying to get the rent from andy capp ?,HUM,ind,3,1104
who is coronado ?,HUM,desc,3,634
who was the only president to serve two nonconsecutive terms ?,HUM,ind,3,2843
what two caribbean countries share the island of hispaniola ?,LOC,country,4,5340
when were the olympic games in which nadia comaneci became popular played ?,NUM,date,5,1299
what is the fastest growing state in the u.s.a. in 1998 ?,LOC,state,4,2315
why do people shake hands to show friendliness ?,DESC,reason,1,3661
how many hours of work does it take a typist to complete a 100-page screenplay ?,NUM,count,5,4773
what english word contains the most letters ?,ENTY,word,2,4210
who 's won the most oscars for costume design ?,HUM,ind,3,2459
what is the hub of london ?,DESC,def,1,1186
what u.s. state 's biggest lake is lake sam rayburn ?,LOC,state,4,2328
how you can raise your iq ?,DESC,manner,1,147
"where is the actress , marion davies , buried ?",LOC,other,4,997
what country is famous for persian rugs ?,LOC,country,4,5297
what is butterfield 8 in butterfield 8 ?,DESC,def,1,3138
what girl 's name is `` teddy '' an affectionate form of ?,HUM,ind,3,316
what was the name of sergeant preston of the yukon 's lead dog ?,ENTY,animal,2,4125
where is poe 's birthplace ?,LOC,other,4,2389
what continent 's name appears on the upper left corner of a budweiser label ?,LOC,other,4,1173
"what do i need to do to take my dog with me to live in dominica , west indies for a year ?",DESC,desc,1,516
what did n't rocky marciano do in his pro boxing career ?,DESC,desc,1,1665
what is chromatology ?,DESC,def,1,2890
what month did the edmund fitzgerald sink ?,NUM,date,5,3523
in what year did hitler gain power of germany ?,NUM,date,5,1210
how does a scientific calculator work ?,DESC,manner,1,1753
"what are the words to the cd eminem 's , or slim shady , `` my name is '' ?",DESC,desc,1,3609
what is cunnilingus ?,DESC,def,1,3763
name 11 famous martyrs .,HUM,ind,3,23
what ill-fated craft was captained by ernst lehmann ?,ENTY,veh,2,3146
who is count cinzano ?,HUM,desc,3,2458
what southeast asian country has the wang river joining the ping river at tak ?,LOC,country,4,3274
how far away is the moon ?,NUM,dist,5,3134
what are the names of the tourist attractions in reims ?,LOC,other,4,69
what new orleans d.a. claimed : `` my staff and i solved the assassination weeks ago '' ?,HUM,ind,3,3813
"what month , date , and year did charles i die ?",NUM,date,5,1811
what famous events have happened on march 27 ?,ENTY,event,2,1592
what does the name gina mean ?,DESC,def,1,650
what is the meaning of the name kathryn ?,DESC,def,1,3462
why do recipe books recommend starting with cold water when you boil something ?,DESC,reason,1,1020
what is 55 times sweeter than cane sugar ?,ENTY,food,2,4448
who is the prophet of medina ?,HUM,ind,3,2363
what ever happened to the once popular yale lock company ?,DESC,desc,1,1733
what country 's royal house is bourbon-parma ?,LOC,country,4,3209
in what city is the us declaration of independence located ?,LOC,city,4,1694
"who manufactures the software , `` photoshop '' ?",HUM,gr,3,4265
how is cologne made ?,DESC,manner,1,2813
who is the superstar in rent-a-cars ?,HUM,ind,3,508
what u.s. state is dixville notch in ?,LOC,state,4,1436
what musical instrument did sherlock holmes play ?,ENTY,instru,2,1013
who is known as `` the world 's oldest teenager '' ?,HUM,ind,3,1242
what are you caught in if a haboob blows up ?,ENTY,other,2,3284
what phenomenon would you expect to read about in the monthly publication the bigfoot news ?,ENTY,event,2,2584
how many member states are in the un ?,NUM,count,5,1542
what is main reason for that electric vehicles can 't be popular nowadays ?,DESC,reason,1,2507
when did gothic art and architecture flourish ?,NUM,date,5,2303
where can i get cotton textiles importer details ?,LOC,other,4,2887
where is microsoft 's corporate headquarters located ?,LOC,other,4,4290
who invented the stock ticker in 1870 ?,HUM,ind,3,3564
what year was the naacp founded ?,NUM,date,5,2323
what does the word `` opera '' mean ?,DESC,def,1,5169
what 's a perfect score in a gymnastics exercise ?,NUM,other,5,2991
what country offered albert einstein its presidency in 1952 ?,LOC,country,4,2951
how does the car in `` christine '' become possessed ?,DESC,manner,1,3650
who is the director of intergovernmental affairs for the san diego county ?,HUM,ind,3,3392
when was the battle of hastings ?,NUM,date,5,549
what actor married john f. kennedy 's sister ?,HUM,ind,3,795
what is the largest lake in north america ?,LOC,other,4,1631
what is an ecological niche ?,DESC,def,1,3853
what novel did ian fleming introduce james bond in ?,ENTY,cremat,2,1232
what is the correct way to abbreviate cc. at the bottom of a business letter ?,ABBR,abb,0,4310
what 's a craps player called ?,ENTY,termeq,2,5321
why do horseshoes bring luck ?,DESC,reason,1,185
what do you call the feeling of having experienced something before ?,ENTY,termeq,2,2066
what country is the setting for edgar allan poe 's the pit and the pendulum ?,LOC,country,4,1802
name the lawyer for randy craft .,HUM,ind,3,1196
what was the sequel to the moon 's balloon ?,ENTY,cremat,2,1577
what nationality is gorbachev ?,LOC,country,4,5354
what color poker chip is usually assigned the lowest value ?,ENTY,color,2,2369
what are john c. calhoun and henry clay known as ?,ENTY,termeq,2,2646
what does necrosis mean ?,ABBR,exp,0,1717
what is the predominant color of the tab label ?,ENTY,color,2,2629
what is the abbreviated expression for the national bureau of investigation ?,ABBR,abb,0,669
what army 's motto is blood and fire ?,HUM,gr,3,1486
what does the dot on the letter i mean ?,DESC,def,1,4732
how do they find or choose witnesses to an execution ?,DESC,manner,1,45
"who was in death of a salesman original movie , not 1985 ?",HUM,ind,3,5332
who was the author of `` john brown 's body '' ?,HUM,ind,3,876
what is the name of the police officer who tried to keep order in top cat 's neighborhood ?,HUM,ind,3,2079
what did dan aykroyd and john belushi quit saturday night live to become ?,ENTY,other,2,820
"what drink is formed of tequila , orange juice and galliano ?",ENTY,food,2,4284
what is an example of an actual case of using the fourteenth amendment ?,DESC,desc,1,998
what are the largest deserts in the world ?,LOC,other,4,4061
what is the nursery rhyme rock-a-by baby about ?,DESC,desc,1,2875
which radio stations air the jim bohannon radio talk show ?,HUM,gr,3,1469
how can i get someone 's phone number if i only have their screen name ?,DESC,manner,1,4589
about how many americans are still unaccounted for from the vietnam war ?,NUM,count,5,4848
how do you tell your parents you are dating an older man ?,DESC,manner,1,1167
"what is the best place to live in the world , considering climate , civilization ?",LOC,other,4,4885
what north american city sprouts the most parking meters ?,LOC,city,4,4928
what buxom blonde appeared on the cover of more than 5 magazines ?,HUM,ind,3,2786
what state in the united states covers the largest area ?,LOC,state,4,4406
who 's baby was sweet pea on the popeye cartoon ?,HUM,ind,3,3082
what debts did qintex group leave ?,NUM,money,5,3573
"who is the famous movie star who also acted as sewer commissioner of provo canyon , utah ?",HUM,ind,3,1872
who invented the fountain ?,HUM,ind,3,4021
what 's japan 's largest car manufacturer ?,HUM,gr,3,3745
how do you do a bibliography with an unknown author ?,DESC,manner,1,2321
what are pomegranates ?,DESC,def,1,4184
what 1915 film was the first to gross $5 million ?,ENTY,cremat,2,1007
who was hitler 's minister of propaganda ?,HUM,ind,3,3223
where can i find full written draft of ctbt ?,LOC,other,4,1265
what don mclean song laments the day buddy holly died ?,ENTY,cremat,2,5109
what pope inaugurated vatican international radio ?,HUM,ind,3,5210
who is snoopy 's arch-enemy ?,HUM,ind,3,55
"what does the word camaro mean , from the gm car the camaro ?",DESC,def,1,957
what is the regular price ?,NUM,money,5,1689
what is zionism ?,DESC,def,1,2655
what is a dangling participle ?,DESC,def,1,1762
what is the economic impact of unemployment on the economy ?,DESC,desc,1,1349
what mormon leader was said to have had 27 wives ?,HUM,ind,3,3027
how much did lucy van pelt originally charge for psychiatric sessions ?,NUM,money,5,5049
what is the chromosome number of an elephant ?,NUM,count,5,900
what country has the most coastline ?,LOC,country,4,5403
how far can a human eye see ?,NUM,dist,5,2832
who is the incredible hulk in reality ?,HUM,ind,3,3520
how many feet more than 2 is the average height of the great wall of china ?,NUM,count,5,5045
what kind of tree graces lebanon 's flag ?,ENTY,plant,2,1949
what year were the olympic games played in where nadia comaneci became popular ?,NUM,date,5,1929
how fast do cheetahs run ?,NUM,speed,5,1493
what book does holden caulfield appear in ?,ENTY,cremat,2,2145
what does the name jenna mean ?,DESC,def,1,5007
when was china 's first nuclear test ?,NUM,date,5,4292
name of scholar on whose literal translations from the chinese and japanese ezra pound depended ?,HUM,ind,3,1235
how do i find if my relatives were on the trail of tears ?,DESC,manner,1,3494
what corporation does madonna advertise for ?,HUM,gr,3,5277
what is d.b. cooper known for ?,DESC,reason,1,846
how do i contact answers.com ?,DESC,manner,1,2150
what company makes impulse hardening equipment ?,HUM,gr,3,3057
what soap was touted as being `` for people who like people '' ?,ENTY,product,2,827
what function does a community 's water tower serve ?,DESC,reason,1,440
when did muhammad live ?,NUM,date,5,551
who was garrett morgan married to ?,HUM,ind,3,2221
what 's the highest hand in straight poker ?,ENTY,other,2,2899
what is bill gates of microsoft e-mail address ?,LOC,other,4,625
how many stars are there in big dipper ?,NUM,count,5,2223
how many miles is it from ny to austria ?,NUM,count,5,5176
who 's the only u.s. president to have won a pulitzer prize ?,HUM,ind,3,5152
what stadium do the miami dolphins play their home games in ?,LOC,other,4,311
what is spaceball played on ?,DESC,def,1,2106
what new england state carries the telephone area code 27 ?,LOC,state,4,2724
how did the u.s. come into the possession of an empire in the wake of the spanish-american war ?,DESC,manner,1,2415
why are ice cream sundaes called sundaes ?,DESC,reason,1,4601
what are the benelux countries ?,LOC,country,4,872
what was the first minimum wage ?,NUM,money,5,3418
how many people died on south carolina highways in 1998 ?,NUM,count,5,4698
who was whitcomb judson ?,HUM,desc,3,2263
what is the most common name ?,HUM,ind,3,4873
what fuel do airplanes use ?,ENTY,substance,2,2267
whom did lauren bacall marry after her husband humphrey bogart died ?,HUM,ind,3,1650
when did the supercontinent pangaea break up ?,NUM,date,5,4118
what tv game show once saw a contestant admit to picking his toes in the shower ?,ENTY,cremat,2,375
who made the first airplane ?,HUM,gr,3,3589
what european country abandoned postage stamps in 1923 because printing them cost more than their face value ?,LOC,country,4,4675
what is the current ticket fare from from cairo to barbados ?,NUM,money,5,1804
"what is deadrise , nautical , ?",DESC,def,1,2036
"what country boasts cawdor castle , glamis castle , and blair castle ?",LOC,country,4,5011
"who is john macarthur , 1767-1834 ?",HUM,desc,3,3606
what game is garry kasparov really good at ?,ENTY,sport,2,1229
how many lawyers are there in the state of new jersey ?,NUM,count,5,1312
"where is it planned to berth the merchant ship , lane victory , which merchant marine veterans are converting into a floating museum ?",LOC,other,4,4840
what are the four largest mountain ranges on the asian continent ?,LOC,mount,4,2545
what is the difference between microprocessors & microcontrollers ?,DESC,desc,1,1109
what are the 7 articles of the constitution ?,ENTY,other,2,306
what was the `` dead man 's hand '' ?,DESC,def,1,5077
"how long is the world 's largest ship , in meters ?",NUM,dist,5,4056
who wrote `` much ado about nothing '' ?,HUM,ind,3,4789
how does a submarine operate ?,DESC,manner,1,5303
who was buffalo bill ?,HUM,desc,3,5447
what film canine is buried in pere-lachaise cemetery in paris ?,ENTY,animal,2,2349
what tv detective did craig stevens play ?,HUM,ind,3,3534
what is australia day ?,DESC,def,1,948
where do people mountain climb in nepal ?,LOC,mount,4,556
how long does cocaine stay in your system ?,NUM,period,5,3167
in the movie groundshog day what is the name of the character played by andie macdowell ?,HUM,ind,3,3328
what type of performer is ileana cotrubas ?,ENTY,other,2,1710
what is the name of dolly parton 's rarely seen husband ?,HUM,ind,3,4144
what was einstein 's iq ?,NUM,other,5,314
what day is known as the `` national day of prayer '' ?,NUM,date,5,2634
what causes someone to be ticklish ?,DESC,reason,1,1009
where is the location of the orange bowl ?,LOC,other,4,1450
how much salt is in the oceans ?,NUM,count,5,2212
whose kidnaping was termed the crime of the century ?,HUM,ind,3,2782
how many events make up the decathlon ?,NUM,count,5,4647
which is the wealthiest country in the world ?,LOC,country,4,676
"where was the cisalpine republic , 1797-185 , ?",LOC,other,4,1437
what did englishman john hawkins begin selling to new world colonists in 1562 ?,ENTY,other,2,3404
what is the oldest profession ?,HUM,title,3,8
what is a fear of fur ?,ENTY,dismed,2,1754
what is the snowiest city in the u.s. ?,LOC,city,4,2497
where do you find information about the queensland national competition policy,LOC,other,4,4908
what city boasts the billingsgate fishmarket ?,LOC,city,4,3879
where is the virtual desk reference ?,LOC,other,4,3850
what is the mission of nike ?,ENTY,event,2,2549
italy is the largest producer of what ?,ENTY,product,2,808
what famed tennis tournament 's men 's singles title was fred perry the last englishman to win ?,ENTY,sport,2,2262
jackson pollock is of what nationality ?,LOC,country,4,3369
who owns cnn ?,HUM,ind,3,4847
what was the name of the us helicopter pilot shot down over north korea ?,HUM,ind,3,4596
what frederick forsyth novel chronicles the toppling of an african government by mercenaries ?,ENTY,cremat,2,3741
when was cnn 's first broadcast ?,NUM,date,5,1550
"what was the name of the crimean meeting of roosevelt , churchill , and stalin ?",ENTY,event,2,3351
how many furlongs are there in a mile-and-a-quarter recetrack ?,NUM,count,5,3684
when is the jimmy buffett concert coming to the e center in camden nj ?,NUM,date,5,4673
what is a `` node '' in computer terms ?,DESC,def,1,4387
in what city or state do the most gay men live in ?,LOC,other,4,600
how many years do fossils take to form ?,NUM,count,5,140
what eating utensils are used for handicapped kids ?,ENTY,techmeth,2,3900
why are lions called `` king of the jungle '' ?,DESC,reason,1,2291
what penalty space lies between baltic avenue and reading railroad on a monopoly board ?,ENTY,other,2,1440
"what 's mrs. bridges 's job on tv 's upstairs , downstairs ?",HUM,title,3,4812
what does it take to be a hero ?,ENTY,other,2,3823
what canal does the thatcher ferry bridge span ?,LOC,other,4,2896
what is the theory of equivalence states ?,DESC,def,1,1539
how many sides does a heptagon have ?,NUM,count,5,5182
what 's the proud claim to fame of the young women who formed kappa alpha theta ?,DESC,reason,1,1989
when did amtrak begin operations ?,NUM,date,5,3147
what type of childhood did jules verne have ?,DESC,desc,1,3563
who is the antichrist ?,HUM,ind,3,2926
what is a fear of machinery ?,ENTY,dismed,2,4378
"what is a fear of odors , body , ?",ENTY,dismed,2,2069
name a south african diamond producer ?,HUM,gr,3,1796
what was the name of the director of the movie `` jaws '' ?,HUM,ind,3,3205
what boxer 's life story is titled raging bull ?,HUM,ind,3,1261
what is different about the red and black fox ?,DESC,desc,1,2884
what is the name of the kids ' show from canadian public tv with the singing pineapple ?,ENTY,cremat,2,3511
what actor 's autobiography is titled all my yesterdays ?,HUM,ind,3,451
what is the temperature today ?,NUM,temp,5,5450
what are a baseball team 's firemen ?,DESC,def,1,1626
what are the seven virtues ?,DESC,def,1,892
how long does it take sunlight to reach earth ?,NUM,period,5,1561
what was queen victoria 's title regarding india ?,HUM,title,3,708
what 's the international radio code word for the letter b ?,ENTY,word,2,1446
who portrayed portly criminologist carl hyatt on checkmate ?,HUM,ind,3,648
who is william wordsworth ?,HUM,desc,3,4057
aspartame is also called what ?,ENTY,termeq,2,3655
"what country claimed rubens , van dyck and bruegel as citizens ?",LOC,country,4,1330
in what year was the wall built ?,NUM,date,5,4181
what does a phobophobe fear ?,ENTY,other,2,3801
what is infomatics ?,DESC,def,1,3508
what is the name of the second space shuttle ?,ENTY,veh,2,1604
who fired maria ybarra from her position in san diego council ?,HUM,ind,3,797
which organization is the security council a part of ?,HUM,gr,3,2437
where did sarge steel get his metal hand ?,LOC,other,4,459
what is the rounded part on the top of a matchbook called ?,ENTY,termeq,2,4165
what award is the `` oscar '' of advertising ?,ENTY,other,2,2134
what female faith healer wrote the inspirational book i believe in miracles ?,HUM,ind,3,5022
who thought he 'd never see a poem lovely as a tree ?,HUM,ind,3,3454
what dummy received an honorary degree from northwestern university ?,HUM,ind,3,197
how was teddy roosevelt related to fdr ?,DESC,manner,1,2684
what country and western singer is known as the silver fox ?,LOC,country,4,1249
what are differences between 1980 and 1990 ?,DESC,desc,1,2836
what does the `` c '' stand for in the equation e=mc2 ?,ABBR,exp,0,2086
who is dear abby ?,HUM,desc,3,1092
where is the orange bowl ?,LOC,other,4,2338
"who portrayed fatman in the television show , `` jake and the fatman '' ?",HUM,ind,3,4622
how many more weeks of winter are there if a ground hog sees his shadow ?,NUM,count,5,2095
where did the inuits live ?,LOC,other,4,2473
what state is the filenes store located in ?,LOC,state,4,4136
what is the poetic meter of blank verse ?,DESC,def,1,5377
how many colored squares are there on a rubik 's cube ?,NUM,count,5,1866
what country did the nile river originate in ?,LOC,country,4,937
what does a farrier put shoes on ?,ENTY,other,2,3936
what is the softest part of the body ?,ENTY,body,2,4743
what was mao 's second name ?,HUM,ind,3,469
where did bill gates go to college ?,LOC,other,4,2420
who wrote the lyrics to porgy and bess ?,HUM,ind,3,4148
what ocean does mauritania border ?,LOC,other,4,1340
where is the highest point in japan ?,LOC,mount,4,110
what are some important events of the 1830 's ?,ENTY,event,2,1424
"what are the shoe sizes of o 'neal , jordan , and mutombo , the nba players ?",NUM,other,5,3348
what does elysium mean ?,DESC,def,1,1075
who was the lead actress in the movie ` sleepless in seattle ' ?,HUM,ind,3,274
what country is located at 13 degrees north latitude and 10 degrees east longitude ?,LOC,country,4,3647
what female painter produced primitives of rural new england life ?,HUM,ind,3,1725
what 's the hungarian word for pepper ?,ENTY,word,2,3891
what is state tree of nebraska ?,ENTY,plant,2,4832
how fast must a spacecraft travel to escape earth 's gravity ?,NUM,speed,5,3091
what are bellworts ?,DESC,def,1,1365
how many verses are in the bible ?,NUM,count,5,3614
what are the most common causes of death in the u.s. ?,DESC,reason,1,3535
how much money can a person be fined for having a dog on a beach ?,NUM,money,5,2744
what film featured a snarly character named kid shelleen ?,ENTY,cremat,2,4126
what beer 's name is translated as `` lion brew '' ?,ENTY,food,2,5425
what did brontosauruses eat ?,ENTY,food,2,272
what is the chemical symbol for nitrogen ?,ENTY,symbol,2,1909
who gave abbie hoffman his first dose of lsd ?,HUM,ind,3,3021
what software offers inventors use of cad-like design ?,ENTY,cremat,2,4418
what musical instrument did prewitt play in james jones 's from here to eternity ?,ENTY,instru,2,1362
name a country that is developing a magnetic levitation railway system ?,LOC,country,4,3621
who is ishmael in moby dick ?,HUM,desc,3,2225
what city has the world 's longest subway system ?,LOC,city,4,725
how many varieties of apple are there ?,NUM,count,5,2457
how does ultraviolet light damage the dna of skin cells ?,DESC,manner,1,2394
how is a hydrogen bomb different from a nuclear bomb ?,DESC,manner,1,709
what is beethoven 's 9th symphony called ?,ENTY,cremat,2,1195
what is the name of a language spoken by the sioux ?,ENTY,lang,2,3229
what city is wiener schnitzel named for ?,LOC,city,4,1162
what was the first country to put a second woman in space ?,LOC,country,4,3381
what `` magic '' does mandrake employ ?,ENTY,other,2,524
what u.s. state borders illinois to the north ?,LOC,state,4,562
what was the nickname of model leslie hornby ?,HUM,ind,3,4609
"how many times was pitcher , warren spahn , a 20-game winner in his 21 major league seasons ?",NUM,count,5,4071
how many vietnamese were there in the soviet union ?,NUM,count,5,837
who shot and killed himself while painting wheatfield with crows ?,HUM,ind,3,1543
what is the full form of .com ?,ABBR,exp,0,5
what state was named the green mountain state ?,LOC,state,4,2406
what country is the worlds leading supplier of cannabis ?,LOC,country,4,5112
what is the historical relationship of catholic church and bingo ?,DESC,desc,1,126
who are the presidents of mexico and indonesia ?,HUM,ind,3,3525
what made the short-lived star hawks strip so unique ?,DESC,reason,1,5270
what 's the percentage of children aged two through eleven who watch ` 'the simpsons ' ?,NUM,perc,5,2376
what 's the common name for acetylsalicylic acid ?,ENTY,termeq,2,119
what percent of world 's fresh water is found in canada ?,NUM,perc,5,2351
what u.s. president was the first to breed mules ?,HUM,ind,3,3949
who asked you to do the loco-motion with her in 1962 ?,HUM,ind,3,2063
how do you make dumplings ?,DESC,manner,1,3456
how does hair curl ?,DESC,manner,1,2730
who is the president of the spanish government ?,HUM,ind,3,2974
how many `` eyes '' does a coconut have ?,NUM,count,5,3586
what is fellatio ?,DESC,def,1,5128
what is president nixon 's birthdate ?,NUM,date,5,4702
what leon uris novel dealt with the russian capture of berlin ?,ENTY,cremat,2,4722
what were the five opening words on ben casey ?,ENTY,word,2,4499
what six-foot temperance advocate wielded her hatchet on saloons ?,HUM,ind,3,4744
how many endangered species are there in the world ?,NUM,count,5,4562
when did iraqi troops invade kuwait ?,NUM,date,5,1002
how long would it take to get from earth to mars ?,NUM,period,5,3877
what turns blue litmus paper red ?,ENTY,other,2,4373
what does `` e pluribus unum '' on the penny mean ?,DESC,def,1,5164
"when did president kennedy , lee harvey oswald , and jack ruby all die ?",NUM,date,5,5385
where are the austerlitz and victor hugo subway stops ?,LOC,other,4,3578
what 's men 's par on a 455-yard golf hole ?,NUM,other,5,2914
"what animal received royal assent as an emblem of canada on march 24 , 1975 ?",ENTY,animal,2,2945
what is another term for the painful wrist syndrome ?,ENTY,dismed,2,1224
how can you contact play producers and promoters on-line ?,DESC,manner,1,678
what 's the name of pittsburgh 's baseball team ?,HUM,gr,3,4937
how can you be happy ?,DESC,manner,1,1655
what was the species of winnie the pooh ?,ENTY,animal,2,1502
what does seccession mean ?,DESC,def,1,4473
what 's the name of a hotel in indianapolis ?,LOC,other,4,3031
what jewish holiday saw the start of the 1973 mideast war ?,ENTY,event,2,368
what is the longest english word ?,ENTY,word,2,844
what did shostakovich write for rostropovich ?,ENTY,cremat,2,618
how do you say `` fresh '' in spanish ?,ENTY,termeq,2,480
why are there letters on the telephone ? why are there no q or z ?,DESC,reason,1,4708
what is a meerkat ?,DESC,def,1,1442
how did the 7th inning stretch get started ?,DESC,manner,1,3176
what are amphibians ?,DESC,def,1,698
name of the lady the great gatsby pines for ?,HUM,ind,3,4652
what is the protagonist 's name in dostoevski 's `` the idiot '' ?,HUM,ind,3,1439
"what landmark italian restaurant can be found at 239 west 48th street , new york city ?",LOC,other,4,3759
what country has problems with hooligans ?,LOC,country,4,4518
what king was forced to agree to the magna carta ?,HUM,ind,3,4760
how many people did randy craft kill ?,NUM,count,5,281
when were camcorders introduced in malaysia ?,NUM,date,5,1564
what is the brightest star visible from earth ?,LOC,other,4,467
who was the first woman governor of wyoming ?,HUM,ind,3,2094
how does a hydroelectric dam work ?,DESC,manner,1,4695
what line of candy products included super skrunch and peanut butter oompas ?,ENTY,food,2,1712
how can i find online spelling ?,DESC,manner,1,1820
which of the following was rhodes scholar ?,HUM,ind,3,105
who holds the nfl record for most touchdowns in a season ?,HUM,ind,3,2189
what month of the year is there no television in iceland ?,NUM,date,5,5281
what 's the last line of dickens 's a christmas carol ?,DESC,desc,1,2755
what does saliva consist of ?,ENTY,substance,2,3938
what are the first and last letters of the greek alphabet ?,ENTY,letter,2,4895
what are the five most expensive cities in the world ?,LOC,city,4,730
what nuclear process takes place in an h-bomb ?,DESC,desc,1,3888
what was the birthplace of edgar allen poe ?,LOC,other,4,4017
how big is the chappellet vineyard ?,NUM,volsize,5,4728
"what mystery writer penned `` ...the glory that was greece , and the grandeur that was rome '' ?",HUM,ind,3,1419
"how many times has `` louie , louie '' been recorded ?",NUM,count,5,756
what is molybdenum ?,DESC,def,1,277
what is the homelite inc. home page ?,LOC,other,4,4327
how many countries watch mtv europe ?,NUM,count,5,4257
what is measured in curies ?,DESC,def,1,804
what is dry ice ?,DESC,def,1,397
what is the proof that houseplants metabolize carcinogens ?,DESC,desc,1,1114
what is the term that describes a word where only one usage has been recorded in all literature ?,ENTY,termeq,2,3588
musician ray charles plays what instrument ?,ENTY,instru,2,1854
what vehicles are raced in the tour de france ?,ENTY,veh,2,3821
who replies `` i know '' to princess leia 's confession `` i love you '' in the empire strikes back ?,HUM,ind,3,1473
what is a `` repeating voter '' ?,DESC,def,1,4173
where was the largest concentration camp in world war ii ?,LOC,other,4,4645
what television network flogged its sports programming on inga nielsen 's body in 197 ?,HUM,gr,3,2701
where is the bulls basketball team based ?,LOC,other,4,3115
what is a fear of clouds ?,ENTY,dismed,2,2024
how many frames does a disk camera shoot ?,NUM,count,5,2663
what japanese manufacturer is known for both its pianos and its motorcycles ?,HUM,gr,3,1039
what is recruitment interview technique ?,DESC,def,1,2787
how did the hohenzollerns build their power around 17 ?,DESC,manner,1,4291
what is a fear of money ?,ENTY,dismed,2,3450
what is the difference between a bachelor and a 1 bedroom apartment ?,DESC,desc,1,2071
what north american city boasts the biggest polish population ?,LOC,city,4,4838
which bourbon king was restored to the french throne during napoleon 's abdication ?,HUM,ind,3,1281
how does zatanna perform her magic in dc comics ?,DESC,manner,1,1055
what is rona barrett 's married name ?,HUM,ind,3,3061
how many different vegetation zones are there ?,NUM,count,5,2142
what is bombay duck ?,DESC,def,1,727
what major victorian novelist spent as much time working for the post office as he did writing ?,HUM,ind,3,1925
what was the name of the 1899 policy forced on china by which all nations had equal trading rights ?,ENTY,other,2,2476
what is rcd ?,ABBR,exp,0,2433
what is the difference between jazz and blues ?,DESC,desc,1,1456
how many small businesses are there in the u.s .,NUM,count,5,2621
what do players try to do when the music stops in a game of musical chairs ?,DESC,desc,1,681
what fool is not so wise to lose an oath to win a paradise ?,HUM,ind,3,5166
what 's the tallest piece on a chessboard ?,ENTY,other,2,341
what is the internet2 ?,DESC,def,1,4869
what common ailment can 't you catch at the north pole ?,ENTY,dismed,2,1894
what father and son won the medal of honor ?,HUM,ind,3,2359
what time does wee willie winkie run through the town ?,NUM,date,5,2451
why do heavier objects travel downhill faster ?,DESC,reason,1,12
"what spider makes a superb pet , even said to recognize its master ?",ENTY,animal,2,3819
what is a bone marrow transplant ?,DESC,def,1,3226
where is dartmouth college ?,LOC,other,4,2244
what infectious disease is the world 's deadliest ?,ENTY,dismed,2,812
what does esa-pekka salonen look like ?,DESC,desc,1,5116
what mountain range marks the border of france and spain ?,LOC,mount,4,3693
what is the current unemployment rate in the u.s. ?,NUM,perc,5,5285
what attorney-general ordered the closing of alcatraz ?,HUM,ind,3,4864
what country is the biggest producer of tungsten ?,LOC,country,4,4670
"what was organized as a confederate veterans ' social club in pulaski , in tennessee , in 1866 ?",ENTY,event,2,995
when was child labor abolished ?,NUM,date,5,3675
who made the deodorant that claimed that it `` actually builds up resistance to odor '' ?,HUM,ind,3,5357
how old is the universe ?,NUM,period,5,5085
what tv series features the adventures of a married couple named jonathan and jennifer ?,ENTY,cremat,2,5021
why do airliners crash vs. gliding down ?,DESC,reason,1,4857
what american naval officer broke japan 's isolationist policy in 1853 ?,HUM,ind,3,5127
"where was helium first discovered , hence its name ?",LOC,other,4,1794
what mountainous region of the world is the lhasa apso dog native to ?,LOC,other,4,1201
what is the name of the pop singer whose song became the theme song for a brand of catsup ?,HUM,ind,3,2881
how has tv affected our society ?,DESC,manner,1,4566
what aesop 's fable has the moral : `` the race is not always to the swift. slow and steady is bound to win '' ?,ENTY,cremat,2,2527
what country 's capital is tirana ?,LOC,country,4,63
how do they raise the cranes when building high-rise buildings ?,DESC,manner,1,2715
what is the gestation period for human pregnancies ?,NUM,period,5,4977
what computer operating system is on the most computers ?,ENTY,product,2,1347
describe the long march .,DESC,desc,1,5396
what star-faring race brought about the inhumans on marvel 's earth ?,ENTY,sport,2,4141
what is the islamic counterpart to the red cross ?,ENTY,termeq,2,4911
name the on stage character whose face was never seen .,HUM,ind,3,1238
what causes rust ?,DESC,reason,1,3259
what is a fear of worms ?,ENTY,dismed,2,2709
"what was the claim to fame of explorer i , launched february 1 , 1958 ?",DESC,reason,1,4261
what game do steve mcqueen and edward g. robinson play in the cincinnati kid ?,ENTY,sport,2,573
what is proposition 98 about ?,DESC,def,1,3983
mccarren airport is located in what city ?,LOC,city,4,509
what is fiber in food ?,DESC,def,1,5136
why are there braille things on the atm machines that people drive through ?,DESC,reason,1,1522
what is the `` global economy '' ?,DESC,def,1,3220
what city is often called the insurance capital of the world ?,LOC,city,4,1401
how successful is arometherapy ?,DESC,manner,1,367
what city is sometimes called the athens of switzerland ?,LOC,city,4,1952
"when did aldous huxley write , `` brave new world '' ?",NUM,date,5,1739
who was the inventor of silly putty ?,HUM,ind,3,27
what chemicals are used in lethal injection ?,ENTY,dismed,2,301
"what baseball outcome required nine balls in 1879 , eight balls in 1880 and seven balls in 1881 ?",ENTY,sport,2,1892
what university fired angela davis ?,HUM,gr,3,3537
what effect does lsd have on the brain ?,DESC,desc,1,5290
what lake in scotland is said to hold one or more monsters ?,LOC,other,4,4814
how many major nazi leaders went on trial after the war at nuremberg ?,NUM,count,5,3202
name the two mystical ravens odin has at his command .,ENTY,animal,2,1501
how many years is johnnie walker black label aged ?,NUM,count,5,518
what do pointed letters mean to a handwriting analyst ?,DESC,def,1,3399
how many marx brothers were there ?,NUM,count,5,4439
what writer is famous for physically putting himself into the center of his subject matter ?,HUM,ind,3,4799
"why is the universe flat , if it started by an explosion , shouldn 't it be a sphere ?",DESC,reason,1,3543
who portrayed renaud in casablanca ?,HUM,ind,3,4517
what is another name for nearsightedness ?,ENTY,termeq,2,3941
which infectious disease kills the most people worldwide ?,ENTY,dismed,2,3522
how do you determine heating requirements for your home ?,DESC,manner,1,768
what party was winston churchill a member of ?,HUM,gr,3,867
what is nero wolfe 's favorite drink during office hours ?,ENTY,food,2,1518
what airport is on the piccadilly subway line ?,LOC,other,4,5203
what color is mr. spock 's blood ?,ENTY,color,2,2855
what kind of species is the monster in the film `` jaws '' ?,ENTY,animal,2,3869
how old was george washington when he died ?,NUM,period,5,5251
"who is karenna gore , al gore 's oldest daughter , married to ?",HUM,ind,3,1207
what was franklin roosevelt 's program for economic recovery called during the great depression ?,ENTY,event,2,3401
how do you write a book report ?,DESC,manner,1,2073
"what is the main language of sao paulo , brazil ?",ENTY,lang,2,4678
how hot should the oven be when making peachy oat muffins ?,NUM,temp,5,3977
what is the weather like on the moon ?,DESC,desc,1,4676
how many fiddlers did old king cole have ?,NUM,count,5,2020
"why do usa fax machines not work in uk , nnp ?",DESC,reason,1,5033
where is the bridge over the river kwai ?,LOC,other,4,3862
how much did a mcdonald 's hamburger cost in 1963 ?,NUM,money,5,5292
how do i know if i am pregnant ?,DESC,manner,1,4533
what fast food is prepared with a `` secret blend of 11 herbs and spices ? '',ENTY,food,2,3423
what novel has big brother watching ?,ENTY,cremat,2,1073
who invented the horoscope ?,HUM,ind,3,4756
what is the vdrl test of blood ?,DESC,def,1,3625
"what president 's favorite biblical quotation was : `` come now , and let us reason together '' .",HUM,ind,3,1406
who markets spaghetti-o 's ?,HUM,ind,3,3913
what is pittsburgh 's baseball team called ?,HUM,gr,3,5260
what state has the most indians ?,LOC,state,4,2231
who portrayed maggio in the film from here to eternity ?,HUM,ind,3,4882
how did edith bunker die ?,DESC,manner,1,5010
"what late-night tv show features larry , bud , melman and toast on a stick ?",ENTY,cremat,2,3694
who portrayed w.c. fields in the film w.c. fields and me ?,HUM,ind,3,3211
what is the price for tuberculosis drugs ?,NUM,money,5,3417
who directed `` jaws '' ?,HUM,ind,3,174
what ocean did the titanic sink in ?,LOC,other,4,4179
who moderated the first kennedy-nixon tv debate ?,HUM,ind,3,5146
how many votes in congress dissented from the 1941 declaration of war with japan ?,NUM,count,5,3947
what is the first day of the week ?,NUM,date,5,4613
"what indoor sport saw the phoenix inferno become the phoenix pride on july 14 , 1983 , when the temperature hit 111 degrees ?",ENTY,sport,2,4807
how do you say i love you in spanish ?,ENTY,termeq,2,649
what 's the only mammal that can 't jump ?,ENTY,animal,2,1388
how tall is the replica of the matterhorn at disneyland ?,NUM,dist,5,4060
what was the first video ever made ?,ENTY,cremat,2,4605
how many beatles ' records went #1 ?,NUM,count,5,380
what is the rarest coin ?,ENTY,other,2,684
"when it 's time to relax , what one beer stands clear ?",ENTY,food,2,1832
what is the average hourly rate of american workers ?,NUM,other,5,1823
why do roosters sing at five o 'clock in the morning ?,DESC,reason,1,5364
what words in the english have two u 's back to back ?,ENTY,word,2,5374
what food of the three bears did goldilocks eat ?,ENTY,food,2,3195
where can an individual get a contact lens tested that burned the entire surface of eye when new ?,LOC,other,4,3144
what 's the sacred river of india ?,LOC,other,4,915
how do you do a topic outline ?,DESC,manner,1,3682
what tv quiz show left the air in 1975 to the tune of vera lynn 's we 'll meet again ?,ENTY,cremat,2,4444
what animals acted as lapwarmers for american colonists in church ?,ENTY,animal,2,2214
what are you hearing when you put a seashell to your ear ?,DESC,desc,1,1488
what 's the distinction of u.s. supreme court justice thurgood marshall ?,DESC,desc,1,1292
the jewish alphabet is called what ?,ENTY,termeq,2,4560
what are the signs of a country going into a recession ?,ENTY,symbol,2,1551
what barroom judge called himself the law west of the pecos ?,HUM,ind,3,939
what is the capital of congo ?,LOC,city,4,4865
name pittsburgh 's baseball team .,HUM,gr,3,2178
what is the definition of low island ?,DESC,def,1,964
when was the hoover dam constructed ?,NUM,date,5,3705
what mayor made so many tv appearances he was asked to join aftra in 1984 ?,HUM,ind,3,4465
who invented astroturf ?,HUM,ind,3,4204
what famous comedian recently tried without success to revive the play ?,HUM,ind,3,2108
how many sonnets did shakespeare write ?,NUM,count,5,358
what english queen had seventeen children ?,HUM,ind,3,1352
what is commonly considered the fifth sense ?,DESC,def,1,1607
"who wrote the song , `` stardust '' ?",HUM,ind,3,379
how much did manchester united spend on players in 1993 ?,NUM,money,5,4016
what is the best-selling television soundtrack of all time ?,ENTY,cremat,2,3692
how do you get silly putty out of fabric ?,DESC,manner,1,3290
"who is the author of the book , `` the iron lady : a biography of margaret thatcher '' ?",HUM,ind,3,3858
what did cool hand luke go to jail for ?,DESC,reason,1,4200
what kind of nuts are used in marzipan ?,ENTY,food,2,3671
what hockey player did ronald reagan joke he would swap texas for ?,HUM,ind,3,4572
what are the benefits of a rowing machine ?,DESC,desc,1,4907
what age is benny carter ?,NUM,period,5,2622
where did woodstock take place ?,LOC,other,4,3808
who wrote `` the scarlet letter '' ?,HUM,ind,3,4409
what is the contents of proposition 98 ?,DESC,def,1,244
what board game does a `` wood-pusher '' play poorly ?,ENTY,sport,2,303
which of the seven dwarfs comes first alphabetically ?,HUM,ind,3,5063
where can i find a review of nightmare on elm street in a film journal ?,LOC,other,4,238
what tale has the moral : `` he who wants everything gets nothing '' ?,ENTY,cremat,2,2422
which country is known as `` big bear '' ?,LOC,country,4,1464
what is html ?,ABBR,exp,0,2693
how much will the california be in the year 2000 ?,NUM,count,5,1418
where were the 1936 summer olympics held ?,LOC,other,4,5191
what company sells the most greeting cards ?,HUM,gr,3,3099
what british general surrendered to the colonial army at saratoga ?,HUM,ind,3,4946
how can i easily remove red wine stains from t-shirts ?,DESC,manner,1,1956
what does inri stand for when used on jesus ' cross ?,ABBR,exp,0,148
what is a fear of going to bed ?,ENTY,dismed,2,3214
how can i get started in writing for television ?,DESC,manner,1,4344
what civilization invented the arch ?,HUM,gr,3,2483
where did gulliver find a race of tiny people ?,LOC,other,4,4932
what tv family sometimes buys eclairs from nelson 's bakery ?,HUM,ind,3,2116
"what is the origin of the term `` blue moon , '' and how often do they occur ?",DESC,desc,1,5254
what store does martha stewart advertise for ?,HUM,gr,3,5196
name four comic strips about pilots .,ENTY,cremat,2,4285
who is the head of the world bank ?,HUM,ind,3,5138
"how many megawatts will the power project in indonesia , built by a consortium headed by mission energy of us , produce ?",NUM,count,5,2631
how many people does honda employ in the u.s. ?,NUM,count,5,5141
what is the oldest building in the united states ?,LOC,other,4,4696
what is the term for someone who hates mankind ?,ENTY,termeq,2,3575
what catch-22 character is elected mayor of half a dozen italian cities ?,HUM,ind,3,4313
what country was general douglas mcarthur in when he was recalled by president truman ?,LOC,country,4,4577
what are new computer games for windows 95 or 98 ?,ENTY,sport,2,4587
what color of dry wine should be served with veal roasts and chops ?,ENTY,color,2,606
what was the ventura county police department that seized the county 's largest amount of cocaine ever ?,HUM,gr,3,3459
what does `` janelle '' mean ?,DESC,def,1,539
what is meant by the term `` yield to maturity '' in reference to bonds ?,DESC,def,1,2667
what should you yell to hail a taxi in madrid ?,DESC,desc,1,1728
what is a portal ?,DESC,def,1,3581
how can i enforce new rules to a group of youngsters who have been allowed to do as they please .,DESC,manner,1,5226
who founded the first aerodynamics laboratory in 1912 ?,HUM,ind,3,3733
"who is the director of the international group called the human genome organization , hugo , that is trying to coordinate gene-mapping research worldwide ?",HUM,ind,3,4307
who directed the first woody woodpecker cartoon ?,HUM,ind,3,3410
how was the aclu formed ?,DESC,manner,1,2892
what are the main blood vessels ?,ENTY,body,2,4025
what type of betting is used in horse racing ?,ENTY,sport,2,1254
what is a fear of lice ?,ENTY,dismed,2,4430
what is it like to experience a near death episode ?,DESC,desc,1,3041
what does g.m.t. stand for ?,ABBR,exp,0,444
what powdered soft drink mix went into space ?,ENTY,food,2,3307
how many referees work a soccer game ?,NUM,count,5,478
which company claimed to be `` the world 's biggest toy store '' ?,HUM,gr,3,1593
what english queen had six fingers on one hand ?,HUM,ind,3,3669
who awarded the flying fickle finger of fate ?,HUM,ind,3,4379
what is a heuristic ?,DESC,def,1,2160
what were hairy bank notes in the fur trade ?,ENTY,other,2,3332
what cbs soap opera was interrupted by the bulletin of john f. kennedy 's assassination ?,ENTY,cremat,2,389
why do men snore ?,DESC,reason,1,1917
who invented the lawnmower ?,HUM,ind,3,3357
who discovered imaginary numbers ?,HUM,ind,3,4246
what french leader sold louisiana to the united states ?,HUM,ind,3,2959
what international amateur sports spectacle was first telecast in 1956 ?,ENTY,sport,2,3080
why did the world enter a global depression in 1929 ?,DESC,reason,1,933
what two vegetables are combined in succotash ?,ENTY,food,2,3519
who created `` the muppets '' ?,HUM,ind,3,3455
what year was the setting for american graffiti ?,NUM,date,5,5406
what 1981 candice bergen-jacqueline bisset movie was a remake of 1943 's old acquaintance ?,ENTY,cremat,2,3731
how do you write a correct critical analysis of a poem ?,DESC,manner,1,2537
what is the cause of endangered species ?,DESC,reason,1,4740
what state is niagara falls located in ?,LOC,state,4,2332
name the scar-faced bounty hunter of the old west .,HUM,ind,3,10
what were the first three cities to have a population of more than a million ?,LOC,city,4,4662
what is a `` usb '' port on a computer ?,ABBR,exp,0,2138
what u.s. state has the second-longest coastline ?,LOC,state,4,1491
why is poop sometimes different colors ?,DESC,reason,1,313
what is the lens behind the iris in the eye called ?,ENTY,termeq,2,2610
"what english word comes from the old french covrefeu , meaning cover fire ?",ENTY,word,2,457
who built the first successful stern wheel steamboat ?,HUM,ind,3,3221
when did spain and korea start ambassadorial relations ?,NUM,date,5,2888
when was general manuel noriega ousted as the leader of panama and turned over to u.s. authorities ?,NUM,date,5,3924
what 's the difference between carelessness and carefreeness ?,DESC,desc,1,4910
what is the origin of head lice ?,DESC,desc,1,83
what is a storm surge ?,DESC,def,1,2807
who is reputed to be the greatest maker of violins ?,HUM,ind,3,3241
what prompted the co-pilot of the enola gay to enter only `` my god '' in his log ?,DESC,reason,1,1115
what are the developmental stages of a swimmer ?,ENTY,other,2,353
how do you match a name to a social security number ?,DESC,manner,1,330
who portrayed `` the man without a face '' in the movie of the same name ?,HUM,ind,3,1683
what country was sir edmund hillary born in ?,LOC,country,4,1409
what is the alphabet for latin ?,ENTY,letter,2,1509
what is the occupation of nicholas cage ?,HUM,title,3,184
what is the name of the michelangelo painting that shows two hands with fingers touching ?,ENTY,cremat,2,1184
what was cash-conscious colonel edwin l. drake the first to drill ?,ENTY,other,2,42
what french seaport claims to be the home of wines ?,LOC,city,4,1560
what comic of tv 's golden age went by the motto `` anything for a laugh '' ?,HUM,ind,3,2044
name the creator of `` the muppets '' .,HUM,ind,3,1471
what is `` dew point '' ?,DESC,def,1,95
which of many numbered vats of scotch was judged best by a panel of experts in 1863 ?,ENTY,food,2,3050
"what is the us federal government website for standard industrial classification codes , sic , ?",LOC,other,4,2076
who portrayed dracula in hammer studios ' films ?,HUM,ind,3,1403
what are shooting stars ?,DESC,def,1,654
what u.s. senator once played basketball for the new york knicks ?,HUM,ind,3,3360
"what clause in the u.s. constitution may not be changed , altered or amended ?",DESC,desc,1,2509
what is the abbreviated term used for the national bureau of investigation ?,ABBR,abb,0,2380
what eastern state sprouted the first commercial nuclear power plant in the u.s. ?,LOC,state,4,3150
who is the mathematician that won the noble prize for literature in 1950 ?,HUM,ind,3,3064
how many u.s. presidents were assassinated during queen victoria 's reign ?,NUM,count,5,1768
how is abigail arcane related to the villainous opponent of the swamp thing ?,DESC,manner,1,2906
what is so powerful about power bars ?,DESC,desc,1,2557
how many stars are there on the soviet union 's flag ?,NUM,count,5,1108
what are `` darning needles '' and `` horse stingers '' better known as ?,ENTY,termeq,2,3591
what is the size of the largest akita ?,NUM,volsize,5,284
what is hydroelectricity ?,DESC,def,1,3254
what city did the flintstones live in ?,LOC,city,4,299
"what singer became despondent over the death of freddie prinze , quit show business , and then quit the business ?",HUM,ind,3,1001
what invention does the principle of conservation of energy make impossible ?,ENTY,techmeth,2,4796
what is the goat population of the world ?,NUM,count,5,1308
"where are the apartments in saint john , new brunswick ?",LOC,other,4,3512
"who did arthur h. bremer try to assassinate on may 15 , 1972 ?",HUM,ind,3,3090
what program do i need to run a .tbk file ?,ENTY,cremat,2,4160
"what famous coach said `` if you can 't beat 'em in the alley , you can 't beat 'em on the ice '' ?",HUM,ind,3,4092
"what is the meaning of caliente , in english , ?",DESC,def,1,5443
what is a society ruled by elders ?,HUM,gr,3,5061
what u.s. air force general led the first bombing raid over tokyo ?,HUM,ind,3,2856
how much time does the blinking of an eye take ?,NUM,count,5,5269
what are the ingredients of coca-cola ?,ENTY,substance,2,5151
what does bmw stand for ?,ABBR,exp,0,4336
where did ty cobb grow up ?,LOC,other,4,3579
how many community chest cards are there in monopoly ?,NUM,count,5,35
what is the most expensive car in the world ?,ENTY,product,2,4717
"where on the web is adventours tours from sydney , australia ?",LOC,other,4,5190
what college football team did knute rockne build into a power ?,HUM,gr,3,1737
who is desmond tutu ?,HUM,desc,3,3854
how did peabody and sherman travel through time ?,DESC,manner,1,3447
where did the sport of caber-tossing originate ?,LOC,other,4,2205
what is humidity ?,DESC,def,1,4951
when is boxing day ?,NUM,date,5,278
what are the greek numerals ?,DESC,def,1,990
how old is singer freedy johnston ?,NUM,period,5,2877
what money was used by them ?,ENTY,currency,2,2471
"what 's the maximum length , in inches , of a first baseman 's glove ?",NUM,count,5,3646
what 's the world 's longest suspension bridge ?,LOC,other,4,1828
who were the picts ?,HUM,ind,3,1614
in what religion was isis the nature goddess ?,ENTY,religion,2,38
what revelation did alexander butterfield make to the senate watergate committee ?,DESC,desc,1,4339
how do i install a tile floor ?,DESC,manner,1,1284
what does tiffany mean ?,DESC,def,1,2000
what was the death toll at the eruption of mount pinatubo ?,NUM,other,5,1525
where was tesla born ?,LOC,other,4,4502
how does the tail affect the flight of a kite ?,DESC,manner,1,2347
which of these are authors ?,HUM,ind,3,1445
"what is the all-time stock high of apple computer , and where can i find this information ?",NUM,other,5,2290
cnn is the abbreviation for what ?,ABBR,exp,0,262
what building are british monarchs crowned in ?,LOC,other,4,1364
how many head injuries are there in recreational ice skating each year ?,NUM,count,5,4583
what is jell-o made from ?,ENTY,substance,2,1094
what does aaron mean ?,DESC,def,1,2879
why is the mile 528 feet ?,DESC,reason,1,4301
what are close encounters of the first and second kind ?,ENTY,other,2,3063
when did the last americans leave vietnam ?,NUM,date,5,4534
what mexican leader was shot dead in 1923 ?,HUM,ind,3,1716
what movie told of anna anderson 's claim to be a russian czar 's daughter ?,ENTY,cremat,2,1367
what are the twin cities ?,DESC,def,1,1194
what is the full name of the plo ?,ABBR,exp,0,849
what is the world record for the longest hair ?,NUM,dist,5,4209
what dog was dubbed the mortgage lifter ?,ENTY,animal,2,1641
what are the words to `` my way '' written by paul anka ?,DESC,desc,1,1283
when was the bar-code invented ?,NUM,date,5,4316
what were the first three cities to have a population of more than a million ?,LOC,city,4,1836
what fossilizes to form coprolite ?,ENTY,other,2,1865
which japanese car maker had its biggest percentage of sale in the domestic market ?,HUM,gr,3,166
who invented `` the muppets '' ?,HUM,ind,3,5160
what year did the united states pass the copyright law ?,NUM,date,5,721
name one of the major gods of hinduism .,HUM,ind,3,3463
what disease does katharine hepburn have that makes her voice shake ?,ENTY,dismed,2,1995
what was the highest mountain on earth before mount everest was discovered ?,LOC,mount,4,413
how many varieties of twins are there ?,NUM,count,5,1677
what is a fear of motion ?,ENTY,dismed,2,2171
"what race is 1 , 137 miles long ?",ENTY,sport,2,4053
"what is the population of arcadia , florida ?",NUM,count,5,4356
what is the origin of boxing day ?,DESC,desc,1,3719
how many gutenberg bibles are there ?,NUM,count,5,918
what town was the setting for the music man ?,LOC,city,4,3984
"the lawyer who represented randy craft , what was his name ?",HUM,ind,3,3596
what product did william horlick discover and produce ?,ENTY,product,2,3845
what materials did the three little pigs use to build their houses ?,ENTY,substance,2,5382
what are the 10 largest cities in the us ?,LOC,city,4,2104
what is a fear of color ?,ENTY,dismed,2,1627
who was shakespeare 's moorish general ?,HUM,ind,3,3126
what is bella abzug 's sartorial trademark ?,ENTY,other,2,3817
what 's the highest possible bid in contract bridge ?,ENTY,other,2,3482
what does the name `` anthony '' mean ?,DESC,def,1,856
what is the only modern language that capitalizes its singular first-person pronoun ?,ENTY,lang,2,5233
in what year did they build the berlin wall ?,NUM,date,5,1826
what is one of the languages of the sioux ?,ENTY,lang,2,2810
what city is terrorized by dracula in the night stalker ?,LOC,city,4,1598
what is a research expedition in mountain climbing ?,ENTY,sport,2,2102
what will a compass do in outer space ?,DESC,desc,1,2522
how is plastic made ?,DESC,manner,1,3790
what u.s. city is known as the rubber capital of the world ?,LOC,city,4,5172
what causes asthma ?,DESC,reason,1,2153
when did communist control end in hungary ?,NUM,date,5,5422
what are the odds of giving birth to twins ?,NUM,perc,5,4884
define sinn fein .,DESC,def,1,5339
how much is a canadian 1967 twenty dollar gold coin worth ?,NUM,money,5,3043
"what was archy , and mehitabel ?",DESC,def,1,934
what does cpr stand for ?,ABBR,exp,0,5263
who shot lee harvey oswald ?,HUM,ind,3,4504
what are some science fair projects for 8th graders ?,ENTY,event,2,5201
what 's the symbol for the zodiacal sign gemini ?,ENTY,symbol,2,3436
how did the tradition of best man start ?,DESC,manner,1,321
what two body parts grow all your life ?,ENTY,body,2,2596
where did wile e. coyote always get his devices ?,LOC,other,4,3133
what is a fear of fish ?,ENTY,dismed,2,5410
"what prison is found in ossining , new york ?",LOC,other,4,3386
how many cards are dealt to each player in gin rummy ?,NUM,count,5,2817
who is archie bunker 's son-in-law ?,HUM,ind,3,4453
what fast-food magnate 's initials graced the left sleeve of the san diego padres ' baseball uniforms in 1984 ?,HUM,gr,3,3473
why do we ask for the `` check '' and not the bill at a restaurant ?,DESC,reason,1,2567
what war added jeep and quisling to the english language ?,ENTY,event,2,5434
how is saline used in medicine ?,DESC,manner,1,4860
"in dana 's `` two years before the mast , '' what seafarers lived in an abandoned oven on the beach at san diego ?",HUM,ind,3,4801
what are some good exercises for kids to do ?,ENTY,sport,2,2648
"what do you call a date that contains sequencing numbers , like 9-8-98 ?",ENTY,termeq,2,3748
how much waste does an average dairy cow produce in a day ?,NUM,count,5,1267
who wrote the red badge of courage ?,HUM,ind,3,2470
what are the world 's four oceans ?,LOC,other,4,113
where did the wright brothers make their first flight ?,LOC,other,4,2492
how far can a man travel in outer space ?,NUM,dist,5,710
the corpus callosum is in what part of the body ?,ENTY,body,2,78
how many years ago did the ship titanic sink ?,NUM,count,5,322
how many url extensions are there ? and what are they ?,NUM,count,5,1659
what 's the main vegetable in vichyssoise ?,ENTY,food,2,2575
when was the first american encyclopedia published ?,NUM,date,5,656
what is drew barrymore 's email address ?,LOC,other,4,2109
what is the zodiac sign for august 14 ?,ENTY,symbol,2,3955
what are boxcars ?,DESC,def,1,4682
how many characters makes up a word for typing test purposes ?,NUM,count,5,4803
what class is categorized as the bourgeoisie ?,ENTY,other,2,4319
what effect does a prism have on light ?,DESC,desc,1,3424
"what are the 7 principles of learning from the institute for research on learning , irl ?",ENTY,techmeth,2,3791
what are the names of richard nixon 's two daughters ?,HUM,ind,3,898
name an art gallery in new york .,LOC,other,4,1360
what war did the potsdam conference follow ?,ENTY,event,2,1809
what was the top box office movie in april 1998 ?,ENTY,cremat,2,924
where did the real st. nicholas live ?,LOC,other,4,4264
who was darth vader 's son ?,HUM,ind,3,4095
"what italian city of 155 were leonardo da vinci , michaelangelo , and machiavelli all working in ?",LOC,city,4,3275
what does an ashen-faced eidologist search out the existence of ?,ENTY,other,2,5145
when was the first steel mill in the united states built ?,NUM,date,5,251
what does the name shawn mean ?,DESC,def,1,751
what president 's ghost is said to haunt the white house ?,HUM,ind,3,2488
what country has been called the queen of the antilles ?,LOC,country,4,2227
what future movie treat was introduced to american colonists in 1603 by native americans ?,ENTY,food,2,3968
how many bails are there in a cricket wicket ?,NUM,count,5,4654
how can i call a friend in another country when i do not know the telephone number ?,DESC,manner,1,4447
what did jimmy stewart invent ?,ENTY,other,2,1089
what was hitler 's favorite movie ?,ENTY,cremat,2,4856
what magazine paid ernest hemingway $15 a word to write a bullfighting article ?,ENTY,cremat,2,2942
what golfer has been called ohio fats and blobbo ?,HUM,ind,3,975
what wrestling star became `` the incredible hulk '' ?,HUM,ind,3,571
what time of year do most people fly ?,NUM,date,5,2820
what is leukemia ?,DESC,def,1,2345
what are the medical purposes of `` clitoridectomy '' ?,DESC,reason,1,2804
what was the name of the lawyer who represented randy steven craft ?,HUM,ind,3,3171
what was the infamous pseudonym of peter sutcliffe ?,HUM,ind,3,1023
what 's the capital of iowa ?,LOC,city,4,2062
what scandinavian capital is built on nine bridge-connected islands ?,LOC,city,4,2339
what irwin allen bomb has richard widmark saying he 'll be `` the first officer in history to get his butt kicked by a mess of bugs ! '' ?,ENTY,cremat,2,2023
where is the official `` zero '' of the sea level ?,LOC,other,4,4145
what animal dined on bread and oysters with a carpenter ?,ENTY,animal,2,3779
"what magazine paid $5 , 000 for an eight-millimeter film of john f. kennedy 's assassination ?",ENTY,cremat,2,5301
how much did the first barbie doll sell for in 1959 ?,NUM,money,5,4576
what is carpal tunnel syndrome ?,DESC,def,1,2252
what are the four railways in monopoly ?,HUM,gr,3,4334
what is chiricahua the name of ?,ENTY,termeq,2,2614
what is the best way to remove wallpaper ?,ENTY,techmeth,2,318
how many times a year does the american gourd society publish the gourd ?,NUM,count,5,3999
what first-aid product `` helps the hurt stop hurting '' ?,ENTY,product,2,2393
how fast is light ?,NUM,speed,5,652
how many copies of an album must be sold for it to be a gold album ?,NUM,count,5,4375
what president kissed the queen mother on the lips ?,HUM,ind,3,2712
what is colin powell best known for ?,DESC,reason,1,800
what are the 28 tenses in the english language ?,ENTY,other,2,4416
which is the only dick tracy villain to appear three times ?,HUM,ind,3,1133
what is ioc an abbreviation of ?,ABBR,exp,0,1988
what was the alternate to vhs ?,ENTY,other,2,2809
how many species of the great white shark are there ?,NUM,count,5,82
what non-mechanical sport achieves the highest speeds ?,ENTY,sport,2,4804
how do clouds form ?,DESC,manner,1,1333
what 's the second-most-used vowel in english ?,ENTY,letter,2,26
what is the country of origin for the name thomas ?,LOC,country,4,5155
what 's the state motto of california ?,DESC,desc,1,4556
what is troilism ?,DESC,def,1,2690
who retired with 755 home runs to his credit ?,HUM,ind,3,2987
what oldtime kids ' fare did tv guide writer jeff greenfield call `` one of the most...subversive tv shows in american history '' ?,ENTY,cremat,2,2739
how many children does ray davies of the kinks have ?,NUM,count,5,2209
what four u.s. states have active volcanoes ?,LOC,state,4,1920
how much did varian associates try to sell its vacuum products division to the boc group for ?,NUM,money,5,4679
what is difference between a poster and a print ?,DESC,desc,1,3103
how can scientists predict weather by observing clouds ?,DESC,manner,1,4233
what scottish poet penned to a mouse and to a louse ?,HUM,ind,3,4363
what 's a water funnel ?,DESC,def,1,2708
what was the date of cnn 's first broadcast ?,NUM,date,5,2287
who established a viking colony in greenland about 985 ?,HUM,ind,3,1534
"what blew up at lakehurst , new jersey , on may 6 , 1977 ?",ENTY,other,2,3142
what happened to moon maiden ?,DESC,desc,1,1161
what was the education system in the 1960 's ?,ENTY,other,2,212
where did the ukulele originate ?,LOC,other,4,4471
how do they type chinese characters on a keyboard ?,DESC,manner,1,3824
what is thermal equilibrium ?,DESC,def,1,3471
what is a canada two-penny black ?,DESC,def,1,265
where can i buy a good snowboard for less than $200 ?,LOC,other,4,1021
what does lloyd 's lutine bell announce ?,DESC,desc,1,3903
what is deconstructionism ?,DESC,def,1,4852
how do boats float ?,DESC,manner,1,3347
what 's a short ton ?,DESC,def,1,2594
what country buys 25 percent of the world 's tea exports ?,LOC,country,4,2933
how many fingers are used to draw a bow ?,NUM,count,5,782
how many people did randy steven craft murder ?,NUM,count,5,5312
what was a california prayer book to an old west gambler ?,ENTY,cremat,2,1981
who has won the most super bowls ?,HUM,gr,3,307
name the ship beany and cecil sailed .,ENTY,veh,2,5075
what does the word affiant mean ?,DESC,def,1,3820
what do insects do through their spiracles ?,DESC,desc,1,3716
what 's the word for broken glass or sharp rocks embedded in cement on top of a wall ?,ENTY,word,2,899
what animal has killed the most people ?,ENTY,animal,2,545
why do we have to go to school ?,DESC,reason,1,1758
how many times can a nickel-cadmium rechargeable battery be recharged ?,NUM,count,5,2812
who was the conservationist who served as spokesperson for post grape nuts ?,HUM,ind,3,2251
how many meters are in a mile ?,NUM,count,5,3449
what ratio of children of ages between two and eleven watch ` the simpsons ' ?,NUM,perc,5,3285
what is the average age of a member of the team that worked on the manhatten project ?,NUM,period,5,1080
what six words follow the line : `` from a jack to a king.. . '' ?,ENTY,word,2,2039
how do you stop junk snail mail ?,DESC,manner,1,3242
what is the difference between pop music and rock and roll ?,DESC,desc,1,2237
where can i get piano music for the jamiroquai song everyday for the midi ?,LOC,other,4,3979
in which year was new zealand excluded from the anzus alliance ?,NUM,date,5,90
where did the mayan indians live ?,LOC,other,4,2763
"who wrote the book , `` the grinch who stole christmas '' ?",HUM,ind,3,2325
what radio station did paul harvey work for ?,HUM,gr,3,4308
what is an aurora ?,DESC,def,1,5268
what does the peugeot company manufacture ?,ENTY,product,2,3892
how large is missouri 's population ?,NUM,other,5,2434
how long after intercourse does it take to find out if you are pregnant ?,NUM,period,5,1660
how do you measure the heat of the sun ?,DESC,manner,1,2089
how does color affect a person psychologically ?,DESC,manner,1,4493
what city was martin luther king jr. assassinated in ?,LOC,city,4,4655
"who played for the chicago bears , houston oilers and oakland raiders in a 26-year pro football career ?",HUM,ind,3,2206
what william styron book is about a black preacher who leads a slave revolt ?,ENTY,cremat,2,1908
what 's the nickname of oddsmaker jimmy snyder ?,HUM,ind,3,705
what two countries share the khyber pass ?,LOC,country,4,944
what is the highest roman numeral ?,DESC,def,1,2952
which killer whale died at sea world of a fungal infection ?,ENTY,animal,2,871
name a technique widely used to detect birth defects ?,ENTY,techmeth,2,223
how many american soldiers have died for their country to date ?,NUM,count,5,2316
what is probability theory ?,DESC,def,1,5342
how do i change a file from an art file to a jpeg or bitmap file ?,DESC,manner,1,2515
how far is it from phoenix to blythe ?,NUM,dist,5,2790
what 1963 joseph l. mankiewicz film cost $28 million ?,ENTY,cremat,2,1414
how old was sir edmund hillary when he climbed mt. everest ?,NUM,period,5,5199
how much folic acid should an expectant mother get daily ?,NUM,count,5,1993
what is the brand name of daminozide ?,ENTY,product,2,1321
which major diamond producer is based in south africa ?,HUM,gr,3,4969
what happened to phillip taylor kramer ?,DESC,desc,1,2818
what is the immaculate conception ?,DESC,def,1,1029
where are all european and american eels born ?,LOC,other,4,1666
what fruit-topped actress was known as the brazilian bombshell ?,HUM,ind,3,1748
"where can i find up-to-date coastal ocean surface temperature information , preferably along north america and the caribbean ?",LOC,other,4,3665
"who was the first elected mayor of washington , d.c. ?",HUM,ind,3,4765
when do mormons believe christ was born ?,NUM,date,5,2585
what were the ceremony traditions like during the elizabethian times ?,ENTY,other,2,3212
what is a female rabbit called ?,ENTY,animal,2,109
what state in the u.s. has the most blacks ?,LOC,state,4,878
who took the toys donated for the doodyville orphans ' fund and kept them for himself ?,HUM,ind,3,1611
what do a diamond and lump of coal have in common ?,DESC,desc,1,5288
how is thalassemia defined ?,DESC,def,1,2805
what is the purpose of a car bra ?,DESC,reason,1,845
where does the weird shape of the dinner fish knife originate from ?,LOC,other,4,2208
what is witch hazel ?,DESC,def,1,4831
what country other than germany invaded poland in september 1939 ?,LOC,country,4,2149
who first broke the sound barrier ?,HUM,ind,3,2794
where did the maya people live ?,LOC,other,4,3905
who is nicolo paganini ?,HUM,desc,3,1400
what will the increase be in the california gas tax by 2000 ?,NUM,money,5,4001
what are the snakes of new england ?,ENTY,animal,2,2048
who made the first airplane that could fly ?,HUM,gr,3,3990
what 's the world 's largest cathedral ?,LOC,other,4,1814
who was considered to be the father of psychology ?,HUM,ind,3,4639
aspartame is also known as what ?,ENTY,termeq,2,1449
what are the wolverine habits ?,ENTY,other,2,4766
how do i check if my modem is v.9 compatible ?,DESC,manner,1,2538
where was christopher columbus born ?,LOC,other,4,292
how many cherubs are there on a trivial pursuit board ?,NUM,count,5,5427
who declared : `` i think i 'll go out and milk the elk '' ?,HUM,ind,3,3781
how do you recognize anorexia ?,DESC,manner,1,1692
how much money did the marcos steal from their country ?,NUM,money,5,4451
what are bottle caps with presidents ' pictures inside worth ?,NUM,money,5,5031
what is the most common kind of skin cancer in the u.s. ?,ENTY,dismed,2,779
what film did louise fletcher win the best actress oscar for ?,ENTY,cremat,2,4931
what is the state nickname of mississippi ?,LOC,state,4,983
who was the first american citizen awarded the albert medal of the society of arts ?,HUM,ind,3,3345
what is the most efficient way to start a barbeque ?,ENTY,techmeth,2,1520
"what part of britain comprises the highlands , central lowlands , and southern uplands ?",LOC,other,4,4438
what is the most widely cultivated plant ?,ENTY,plant,2,5326
what 's the mystery of the bermuda triangle ?,DESC,desc,1,1884
how much does a new railroad coal car cost ?,NUM,money,5,230
what is the term for the sum of all genetic material in a given organism ?,ENTY,termeq,2,3691
what is diabetes ?,DESC,def,1,2583
in what year was gandhi assassinated ?,NUM,date,5,2676
what interesting method was used to run the credits in the early popeye cartoons ?,ENTY,techmeth,2,3087
what animal migrates the farthest ?,ENTY,animal,2,2697
"name the product that is `` at your grocer 's , at your fingertips . ''",ENTY,product,2,3371
where is mccarren airport ?,LOC,other,4,4389
what multitalented academy-award-winning director failed a college course in motion-picture production ?,HUM,ind,3,5319
what is the nature of learning ?,DESC,def,1,56
who invented television ?,HUM,ind,3,4778
what format was vhs 's main competition ?,ENTY,other,2,1031
who starred in the movie the war of the worlds ?,HUM,ind,3,4486
what net game sees its women 's world amateur champions receive the uber cup ?,ENTY,sport,2,1045
how do you reference a website ?,DESC,manner,1,1278
what is columbia tristar 's phone number ?,NUM,code,5,4494
how many fig newtons are there to the pound ?,NUM,count,5,2776
what are the short- and long-term effects of underage drinking ?,DESC,desc,1,3728
what 's the most powerful country in the world ?,LOC,country,4,4749
what nutrients are for healthy bones and teeth ?,ENTY,food,2,4757
who is robin williams ?,HUM,desc,3,3453
what lewis carroll book introduced humpty dumpty to the world ?,ENTY,cremat,2,3251
what year did nylon stockings first go on sale ?,NUM,date,5,2101
how many times does the tide ebb and flow each day ?,NUM,count,5,4777
where is trinidad ?,LOC,other,4,644
in which year was the cartoon character chilly willy created ?,NUM,date,5,2424
who headed hitler 's infamous gestapo ?,HUM,ind,3,1788
where is the orinoco ?,LOC,other,4,141
which oil company almost picked a word that meant `` stalled car '' in japanese as its new international name ?,HUM,gr,3,500
"what was the name given the 6 , 500 german airforce troops that used the spanish civil war as a training exercise ?",HUM,gr,3,5376
what type of hunting are retrievers used for ?,ENTY,other,2,799
what was the nationality of jackson pollock ?,LOC,country,4,2046
what is judy garland 's date of birth ?,NUM,date,5,3787
what kennedy was married to ethel ?,ENTY,cremat,2,5237
who wrote nn dt nnp nnp '' ?,HUM,ind,3,247
"what are the factors leading to the high teen pregnancy rate in spartanburg , south carolina ?",DESC,reason,1,4598
who wrote the collector ?,HUM,ind,3,4968
what 's the international radio code word for the letter f ?,ENTY,word,2,4415
what is the frequency of vhf ?,NUM,other,5,1961
name the islamic counterpart to the red cross .,ENTY,termeq,2,4982
how do you pronounce `` tzimisce '' ?,DESC,manner,1,2374
what car was driven in the 199 release of `` smokey and the bandit '' ?,ENTY,product,2,1004
what does larry king do for a living ?,HUM,title,3,4503
who is samuel f. pickering ?,HUM,desc,3,3668
what park contains firehole river and fairy falls ?,LOC,other,4,2722
how many milligrams are in a gram ?,NUM,count,5,1842
why did europeans first come to australia and oceania ?,DESC,reason,1,4425
what day of the week was july 13 ?,NUM,date,5,2305
what plants are found in an estuary ?,ENTY,plant,2,4512
what is the capital of california ?,LOC,city,4,5102
who spoke the only word in mel brooks 's silent movie ?,HUM,ind,3,3712
"what do the names neil , mary , and anthony mean ?",DESC,def,1,1136
what was marilyn monroe 's real name ?,HUM,ind,3,2355
where was pythagoras born ?,LOC,other,4,4345
what film featured shirley maclaine as a prostitute and jack lemmon as a pimp ?,ENTY,cremat,2,2454
what meat complemented sweet potatoes and peas in the first tv dinner ?,ENTY,food,2,4171
where is the oldest living thing on earth ?,LOC,other,4,4224
"what radio , tv and movie character did jackie gleason and william bendix play ?",HUM,ind,3,4839
what are the unemployment statistics for the years 1965 and 1990 ?,NUM,other,5,1723
what year did jack nicklaus join the professional golfers association tour ?,NUM,date,5,357
how long does a human live ?,NUM,period,5,2052
what u.s. state comes last in an alphabetical list ?,LOC,state,4,5056
"what do hank aaron , jimmy stewart , and howard k. smith have in common ?",DESC,desc,1,3875
"what are the world 's three largest oceans , in order of size ?",LOC,other,4,1935
what is california 's capital ?,LOC,city,4,286
how much energy is released when oxygen and hydrogen mix ?,NUM,count,5,1239
how many calories are there in a glass of water ?,NUM,count,5,4250
how do you use an intranet ?,DESC,manner,1,5028
"whose special bear 's creator was born on january 18 , 1779 ?",HUM,ind,3,2695
where is sinn fein 's headquarters ?,LOC,other,4,1422
what were millions of kids wearing on their heads in 1955 ?,ENTY,other,2,4492
who is the composer of `` canon in d major '' ?,HUM,ind,3,1664
what playing card symbolizes death ?,ENTY,symbol,2,3362
how many miles of veins are in the circulatory system ?,NUM,count,5,2961
what is li 'l abner 's last name ?,HUM,ind,3,3364
what is the origin of the name katie ?,DESC,desc,1,253
how do you tell somebody you like them ?,DESC,manner,1,5351
what is a fear of rejection ?,ENTY,dismed,2,3721
what mountain range is traversed by the highest railroad in the world ?,LOC,mount,4,908
what causes blue balls ?,DESC,reason,1,4648
what is chronic constipation a symptom of ?,ENTY,dismed,2,1633
what five-time winner of the kentucky derby lost his first 25 races ?,ENTY,animal,2,4823
when does the bible say the seasons started ?,NUM,date,5,5086
what does a nihilist believe in ?,DESC,desc,1,693
what were the causes of the civil war ?,DESC,reason,1,1596
what is a common anti-aids drug ?,ENTY,dismed,2,4685
what 's the abbreviation for limited partnership ?,ABBR,abb,0,2534
what is the location of mccarren airport ?,LOC,other,4,3738
what money was used here ?,ENTY,currency,2,5437
where is the kentucky horse park located ?,LOC,other,4,687
what sport do you shag flies in ?,ENTY,sport,2,642
"what scandinavian country covers 173 , 732 square miles ?",LOC,country,4,3873
what is dick clark 's birthday ?,NUM,date,5,2300
what is the starting salary for beginning lawyers ?,NUM,money,5,3405
"in the miller lite tv commercial , who is the creature ?",ENTY,animal,2,2162
what is the largest city in germany ?,LOC,city,4,2720
what does appropriates money mean ?,DESC,def,1,4143
what is the name of the 1919 occurrence in which british troops killed over 3 unarmed indian protestors ?,ENTY,event,2,4132
what task does the bouvier breed of dog perform ?,HUM,title,3,3810
what famous model was married to billy joel ?,HUM,ind,3,427
"who was the mother of the man who would not be king , the duke of windsor ?",HUM,ind,3,235
how do you clean up a cache ?,DESC,manner,1,1940
what is june 's birthstone ?,DESC,def,1,2565
what is a urologist ?,DESC,def,1,4066
what do west indian steel bands use as instruments ?,ENTY,instru,2,2313
what is the population of the largest chilean city,NUM,count,5,5157
why do pressure cookers save time in the kitchen ?,DESC,reason,1,1341
what is answers.com 's address ?,LOC,other,4,342
how many innings are there in a regulation softball game ?,NUM,count,5,530
what 's the name of the tiger that advertises for frosted flakes cereal ?,ENTY,animal,2,2853
what creative genius said : `` everything comes to him who hustles while he waits '' ?,HUM,ind,3,5307
what is the chemical reactivity of argon ?,NUM,other,5,1040
who was the 16th president of the united states ?,HUM,ind,3,275
why does it snow ?,DESC,reason,1,2463
what is the origin of the word `` sideburns '' ?,DESC,desc,1,3122
how do companies cut paper so thin ?,DESC,manner,1,3885
what is a fear of being cold ?,ENTY,dismed,2,1043
how do cameras take pictures ?,DESC,manner,1,3969
what country is proud to claim volcano national park ?,LOC,country,4,4441
what 1953 film won frank sinatra a best supporting actor oscar ?,ENTY,cremat,2,3561
"who was shot in the back during a poker game in deadwood , the dakota territory ?",HUM,ind,3,542
who was monet ?,HUM,desc,3,1095
what was darth vader 's son named ?,HUM,ind,3,4433
what is being done about the millennium bug ?,DESC,def,1,777
what new york yankee was known as the iron horse ?,HUM,ind,3,1782
what do hasidic jews refrain from while dating ?,ENTY,other,2,5375
how many people died in the vietnam war ?,NUM,count,5,4705
what does a collier mine ?,ENTY,other,2,2743
"who wrote the song , `` silent night '' ?",HUM,ind,3,4962
"in sinclair lewis ' `` main street , '' what was the name of the typical american town ?",LOC,city,4,4380
what 's the most popular form of bridge ?,ENTY,other,2,1218
who was the first woman to run the mile in less than 4 36893 minutes ?,HUM,ind,3,4374
how much do drugs to treat tuberculosis cost ?,NUM,money,5,3970
"how many people on the ground were killed from the bombing of pan am flight 103 over lockerbie , scotland , december 21 , cd .",NUM,count,5,246
how do you say 2 in latin ?,ENTY,termeq,2,835
what is the name of the song that dracula plays on the organ ?,ENTY,cremat,2,5037
what is the population of japan ?,NUM,other,5,4643
"what will a kid eat the middle of , and save the chocolate on the outside for last ?",ENTY,food,2,2591
what does `` saute '' mean ?,DESC,def,1,4026
"what president hit the jogging paths to enhance his athletic image and , sporting no. 39 , almost collapsed during the road race ?",HUM,ind,3,3069
why doesn 't www.answers.com have any answers to my questions ?,DESC,reason,1,450
when was the women 's suffrage amendment ratified ?,NUM,date,5,416
how many elephants are left on earth ?,NUM,count,5,3865
what country did king gustav v reign over from 197 to 195 ?,LOC,country,4,463
what city 's airport is named logan international ?,LOC,city,4,5209
what alloy do copper and tin form ?,ENTY,substance,2,4511
who was charles lindbergh 's wife ?,HUM,ind,3,2120
who is the president of ghana ?,HUM,ind,3,4478
what country is the world 's largest importer of cognac ?,LOC,country,4,517
where on the internet can i find information on laundry detergent ?,LOC,other,4,1937
where can i get a complete listing of showtimes in my area ?,LOC,other,4,4826
what is `` vocal sampling '' ?,DESC,def,1,2465
what is the salary of a u.s. representative ?,NUM,money,5,3641
who invented the toothbrush ?,HUM,ind,3,584
where is the statistical abstract of the united states online ?,LOC,other,4,3544
madonna advertises for what soft drink ?,ENTY,food,2,2740
what does the number `` 5 '' stand for on fubu clothing ?,ABBR,abb,0,3551
when did cnn go on the air ?,NUM,date,5,531
"what sun-blasted , 14-mile wide valley is just north of the mojave desert ?",LOC,other,4,168
what was the v-8 juice slogan : `` the tastebud '' ?,DESC,desc,1,4201
why do girls have to wear training bras ?,DESC,reason,1,5008
what is a virtual ip address ?,DESC,def,1,2852
what is the city in which maurizio pellegrin lives called ?,LOC,city,4,881
where is the smithsonian institute located ?,LOC,other,4,2341
"what soft drink not only has its own video game , but was featured in its own marvel comic book ?",ENTY,food,2,2738
when does the average teenager first have intercourse ?,NUM,date,5,449
how do fuel injectors work ?,DESC,manner,1,822
what flower did vincent van gogh paint ?,ENTY,plant,2,1139
how can i get my product licensed by the nba ?,DESC,manner,1,3422
what are some of australia 's native flora ?,ENTY,plant,2,5081
"when the tutankhamun exhibit was on display in the u.s. , what moving company transported it ?",HUM,gr,3,1750
what is hebephrenia ?,DESC,def,1,1590
where can i find information on george bush ?,LOC,other,4,954
what is the address of the famous mexican star `` thalia '' ?,LOC,other,4,5257
who is the nebbish that is marvel 's official mascot ?,HUM,ind,3,3306
what 's the score of a forfeited baseball game ?,NUM,other,5,3355
how many electoral college votes does colorado have ?,NUM,count,5,4761
what is the origin of the word assassinate ?,DESC,desc,1,1959
what is the daily requirement of folic acid for an expectant mother ?,DESC,desc,1,224
what 's the maximum number of clubs a golfer may use in a round ?,NUM,count,5,3889
what is a serigraph ?,DESC,def,1,3603
who won two gold medals in skiing in the olympic games in calgary ?,HUM,ind,3,4331
what is the difference between terry cloth and french terry ?,DESC,desc,1,2232
what is the probability that at least 2 out of 25 people will have the same birthday ?,NUM,perc,5,3861
which member of the micronauts spent 1 years traveling the microverse in the marvel comics ?,HUM,ind,3,4043
who was chosen to be the first black chairman of the military joint chiefs of staff ?,HUM,ind,3,4651
what was john f. kennedy 's 1960 campaign song ?,ENTY,cremat,2,4793
what u.s. state has an element named for it ?,LOC,state,4,319
what baseball team owner and sailor is known as the mouth of the south ?,HUM,ind,3,1253
what is the origin of the word trigonometry ?,DESC,desc,1,2474
what is the average hours per months spent online by aol users ?,NUM,count,5,3120
how many people in america snore ?,NUM,count,5,1103
what 's the meaning of the zoological term ruminant ?,DESC,def,1,2366
which produces the longer sperm - an elephant or a mouse ?,ENTY,animal,2,2371
what crop failure caused the irish famine ?,ENTY,food,2,401
what 's the literary term for a play on words ?,ENTY,termeq,2,740
how many dogs pull a sled in the iditarod ?,NUM,count,5,3165
"where did freidreich wilhelm ludwig leichhardt , prussian born explorer , go to school ?",LOC,other,4,1991
what is nathan hamill 's role in the new star wars prequel ?,HUM,ind,3,1770
how many watts make a kilowatt ?,NUM,count,5,5020
what two countries is andorra nestled between ?,LOC,country,4,4480
what other name were the `` little rascals '' known as ?,ENTY,termeq,2,893
what is the music used in the new vw beetle commercial where the car spins and changes colors ?,ENTY,cremat,2,2025
"what is the claim to fame of agra , india ?",DESC,reason,1,5234
what desert has the highest sand dunes ?,LOC,other,4,1165
who was red grange ?,HUM,desc,3,3437
what is the average date when most malls begin putting up christmas holiday decorations ?,NUM,date,5,4965
how can i get a cct diagram ?,DESC,manner,1,3838
who is the owner of cnn ?,HUM,ind,3,3880
what is a fear of black people ?,ENTY,dismed,2,4341
what disease is transmitted by the anopheles mosquito ?,ENTY,dismed,2,241
colin powell is most famous for what ?,DESC,reason,1,4140
"who stopped making diary entries on may 31 , 1669 , because he thought he was going blind ?",HUM,ind,3,4226
"what cigarette company urged us , `` come to where the flavor is ? ''",HUM,gr,3,2386
what is jane goodall famous for ?,DESC,reason,1,2548
what is the connection between new krypton and daxam ?,ENTY,other,2,1705
"what celebrity couple , when going through a divorce , divided their toilet paper into two equal piles ?",HUM,ind,3,4656
how many soldiers were involved in the last panama invasion by the united states of america ?,NUM,count,5,5395
how many stradivarius violins were ever made ?,NUM,count,5,3562
how large is the arctic refuge to preserve unique wildlife and wilderness value on alaska 's north coast ?,NUM,volsize,5,1064
what 's the first day of the week ?,NUM,date,5,723
how do you become a dentist ?,DESC,manner,1,2224
how did u.s.a become involved in the barbary wars,DESC,manner,1,5194
"what did british companies stick 175 , 0 tons of tea into in 1982 ?",ENTY,other,2,1048
what 's the closest g2 spectrum yellow dwarf to earth ?,LOC,other,4,386
who were the only two bald u.s. presidents ?,HUM,ind,3,4903
what document did president andrew johnson want a copy of placed under his head upon his burial ?,ENTY,cremat,2,1682
what was einstein 's iq ?,NUM,other,5,2643
what ship did lloyd m. bucher command ?,ENTY,veh,2,4888
what is a fear of sinning ?,ENTY,dismed,2,4083
"how much would a black-and-white 1-cent stamp be worth , thomas jefferson on it , ?",NUM,money,5,521
what is a fear of everything ?,ENTY,dismed,2,3894
how many inches tall is stuart little at birth ?,NUM,count,5,3560
when did rococo painting and architecture flourish ?,NUM,date,5,99
what company markets a shampoo `` for brunettes only '' ?,HUM,gr,3,2441
which continent has the most roses ?,LOC,other,4,2535
when was richard nixon born ?,NUM,date,5,3113
in what movie is the number nine found in the title ?,ENTY,cremat,2,3007
what 's the highest-ranking suit in bridge ?,ENTY,other,2,4797
what are the three most populated countries in the world ?,LOC,country,4,3151
what city would you be in if you were feeding the pigeons in the piazza san marco ?,LOC,city,4,4953
what is a ball that hits the foul pole called ?,ENTY,termeq,2,208
what kind of creature is a coot ?,ENTY,animal,2,1369
who wrote the secret life of walter mitty ?,HUM,ind,3,5134
what cocktail do you concoct with whisky and sweet vermouth ?,ENTY,food,2,479
what type of bridge is the golden gate bridge ?,ENTY,other,2,486
"what did 8 , cd nns vbp to vb nnp pos nn .",ENTY,other,2,1427
what bordering country is due north of costa rica ?,LOC,country,4,5089
in what part of africa is mozambique located ?,LOC,other,4,2379
what is the capital of seattle ?,LOC,city,4,2704
what does a spermologer collect ?,ENTY,other,2,32
what company 's logo is a `` w '' in a circle ?,HUM,gr,3,97
what are birds descendents of ?,ENTY,animal,2,1749
what is a fear of slime ?,ENTY,dismed,2,1151
what golfing accessory was patented by george grant on december 12,ENTY,techmeth,2,410
name a french fascist party .,HUM,gr,3,3278
what does verdandi mean ?,DESC,def,1,3778
what do you call a `` twirl '' in ballet ?,ENTY,termeq,2,1320
where did king francis i hang the `` mona lisa '' when he owned it ?,LOC,other,4,5025
what is e-commerce ?,DESC,def,1,2885
what country are godiva chocolates from ?,LOC,country,4,929
what cards are bullets ?,ENTY,other,2,2190
what is the difference between classical conditioning and operant conditioning ?,DESC,desc,1,423
how do they find an epicenter ?,DESC,manner,1,4190
"which is the largest clock , diameter wise , in europe ?",ENTY,other,2,927
what country 's capital is lagos ?,LOC,country,4,1531
which two inventors invented post-its ?,HUM,ind,3,2304
what is the legal blood alcohol limit for the state of california ?,ENTY,other,2,3976
what was joe namath 's first contract worth ?,NUM,money,5,3751
what makes sperm ?,DESC,reason,1,4730
"what boris pasternak book sold 5 , 0 copies to become the fiction best-seller of 1958 ?",ENTY,cremat,2,842
what state full of milk and honey was the destination in the grapes of wrath ?,LOC,state,4,1420
what is the gay science ?,DESC,def,1,2503
what is a fear of pregnancy ?,ENTY,dismed,2,2026
name randy craft 's lawyer .,HUM,ind,3,1876
who is shirley maclaine ?,HUM,desc,3,2197
what j.r.r. tolkien book features bilbo baggins as the central character ?,ENTY,cremat,2,94
what series of trials followed world war ii ?,ENTY,event,2,3439
who patented the first phonograph ?,HUM,ind,3,832
what cruise line does kathie lee gifford advertise for ?,HUM,gr,3,5006
why is it called `` hamburger '' if there is no ham in it ?,DESC,reason,1,2255
where was the first restaurant ?,LOC,other,4,1264
how far is the longest hole in 1 on any golf course and where did it happen ?,NUM,dist,5,4002
what are the only two states that incorporate the confederate battle flag in their flags ?,LOC,state,4,1096
what asian spiritual and political leader was married at the age of 13 ?,HUM,ind,3,1337
what is the only animal that can turn its stomach inside out ?,ENTY,animal,2,4243
what did mighty mouse always sing as he went into action ?,DESC,desc,1,2911
how many rows of whiskers does a cat have ?,NUM,count,5,4945
how many quarts of whole milk is needed to make one pound of butter ?,NUM,count,5,5083
how many games are played in a five-team round-robin tournament ?,NUM,count,5,1327
what will the weather be today ?,DESC,desc,1,4477
who recorded the 1957 hit tammy ?,HUM,ind,3,2826
how long does it take for your body to restore blood after you donate your blood ?,NUM,period,5,3048
what ethnic group introduced the idea of potlatch ?,HUM,gr,3,5000
how many times a day should you take a prescription marked `` q.i.d . '' ?,NUM,count,5,1466
what is the capital of burkina faso ?,LOC,city,4,1383
what animal occurs in spielberg 's `` jaws '' ?,ENTY,animal,2,1943
what is an aortic abdominal aneurysm ?,DESC,def,1,5417
which comic strip was never turned into a broadway musical ?,ENTY,cremat,2,5066
what 's the second-biggest-selling magazine in america ?,ENTY,cremat,2,1609
what is the origin of `` jiggy '' as in getting jiggy with it ?,DESC,desc,1,1903
what part did john peter zenger play in the deveopment of the newspaper in america ?,HUM,ind,3,337
what is a transistor ?,DESC,def,1,132
what tools do you use to crewel ?,ENTY,other,2,2334
what did san francisco 's milt harper grow that measured 24 inches from tip to tip in 1974 ?,ENTY,other,2,3576
what college did joe namath play football for ?,HUM,gr,3,4668
how much of the nation 's children between the ages of two and eleven watch ` the simpsons ' ?,NUM,count,5,1624
"what u.s. vice-president once declared : `` if you 've seen one slum , you 've seen them all '' ?",HUM,ind,3,2469
who lived on the shores of the gitchee gumee river ?,HUM,ind,3,3177
what are all the different types of pizza ?,ENTY,food,2,3618
in what year was the movie the ten commandments released ?,NUM,date,5,1974
what is a synonym for aspartame ?,ENTY,termeq,2,3368
what arch can you see from the place de la concorde ?,LOC,other,4,672
what are the seven deadly sins ?,DESC,desc,1,4579
where did the term `` 69 '' come from ?,DESC,desc,1,3029
who is colin powell ?,HUM,desc,3,847
when did the jurassic period end ?,NUM,date,5,2122
how big is the electoral college ?,NUM,volsize,5,4130
what did the pyramid-builders of egypt mainly eat ?,ENTY,food,2,4414
how do i start a bank ?,DESC,manner,1,763
"what 12-hour cold medicine uses the formula `` 6 , 6 , 12 '' in its ads ?",ENTY,dismed,2,4604
how many israeli athletes were killed at the munich olympics ?,NUM,count,5,3111
who is stein eriksen ?,HUM,desc,3,433
what are bear and bull markets ?,DESC,def,1,93
what were the names of the three ships used by columbus ?,ENTY,veh,2,3918
what composer was awarded the medal of honor by franklin d. roosevelt ?,HUM,ind,3,1658
how many double-word-score spaces are there on a scrabble crossword game board ?,NUM,count,5,906
what year is etched on the gold medal of excellence from the paris exposition depicted on a can of campbell 's tomato soup ?,NUM,date,5,3208
what spy novelist served as moscow correspondent for reuter and the times of london ?,HUM,ind,3,499
how do i get a complete list of all the people that are living with the last name kilvington ?,DESC,manner,1,5333
who was the first black performer to have his own network tv show ?,HUM,ind,3,1982
what two colors are you blind to if you suffer from protanopia ?,ENTY,color,2,632
what animals can live the longest without food ?,ENTY,animal,2,1351
what did lenny bruce say that got him arrested ?,DESC,desc,1,4853
what tennis player has the nickname `` nasty '' ?,HUM,ind,3,3681
what 's comic strip photographer peter parker 's secret identity ?,HUM,ind,3,3102
what does an emperor do ?,DESC,desc,1,2711
what is plc ?,DESC,def,1,1065
the kentucky horse park is close to which american city ?,LOC,city,4,5195
"what california bridge was don brown the first to cross , on may 27 , 1937 ?",LOC,other,4,4218
what was the largest city in the world to declare martial law in 1989 ?,LOC,city,4,4082
what exactly is radiation ?,DESC,def,1,3666
who did napolean defeat at jena and auerstadt ?,HUM,ind,3,4714
what marx brothers movie centers on a stolen painting ?,ENTY,cremat,2,1155
why does cotton get caught in belly buttons ?,DESC,reason,1,2257
what substance did joseph priestley name for its ability to erase pencil marks ?,ENTY,substance,2,3420
what is a person called that likes fire ?,HUM,ind,3,1793
what is the most advanced handheld calculator in the world ?,ENTY,product,2,651
what is ` last chance for animals ' ?,DESC,desc,1,4674
what kind of poisoning is known as plumbism ?,ENTY,dismed,2,3492
what does the t.s. stand for in t.s. eliot 's name ?,ABBR,exp,0,4055
what explorers followed columbus to the americas ?,HUM,ind,3,889
what was the filling in the first golf balls ?,DESC,def,1,1189
how was the element calcium named ?,DESC,manner,1,127
what date did man first land on the moon ?,NUM,date,5,2752
name the child left on a doorstep at the beginning of gasoline alley .,HUM,ind,3,4420
what drink contains as many types of rum as possible ?,ENTY,food,2,3849
what are the first names of the famous husband-and-wife acting team of lunt and fontanne ?,HUM,ind,3,2647
what are the powers and weaknesses of green lantern 's ring ?,DESC,desc,1,249
what is the smallest country in africa ?,LOC,country,4,850
in what book can i find the story of aladdin ?,ENTY,cremat,2,2372
what phone number can i call to have a tree planted ?,NUM,code,5,1169
which presidents of the usa were masons ?,HUM,ind,3,5223
what is the number of american soldiers deployed to south korea ?,NUM,other,5,2938
what are halloween 's colors ?,ENTY,color,2,324
what 's the meaning of the name tatiana ?,DESC,def,1,4540
how can you stop the itch from poison ivy ?,DESC,manner,1,1164
what is the probability that at least 2 out of 25 people will have the same birthday ?,NUM,perc,5,1010
what country would you visit to ski in the dolomites ?,LOC,country,4,3218
what religion has the most members ?,ENTY,religion,2,4249
what is the definition of cosmology ?,DESC,def,1,1905
what is november 's birthstone ?,ENTY,other,2,838
what does a dipsomaniac crave ?,ENTY,other,2,1515
how many films did ingmar bergman make ?,NUM,count,5,2083
where did makeup originate ?,LOC,other,4,5232
when did mount st. helen last have a major eruption ?,NUM,date,5,4038
what is an auto-commentary ?,DESC,def,1,4850
what does an average daycare provider get paid in new england ?,NUM,money,5,609
what baseball great plugged mr. coffee ?,HUM,ind,3,3079
how many equal angles are there in an isosceles triangle ?,NUM,count,5,387
cnn is owned by whom ?,HUM,ind,3,2950
what auto race was wilbur reed the first to win three times ?,ENTY,sport,2,993
what year did the war of 1812 begin ?,NUM,date,5,3607
what states do not have state income tax ?,LOC,state,4,4984
"what was suzy parker doing to earn $1 , 000 in the early 1950 's ?",DESC,desc,1,4704
what was the name of the lawyer who represented randy craft ?,HUM,ind,3,391
who did dita beard work for ?,HUM,ind,3,1368
how many innings constitute an official baseball game ?,NUM,count,5,4459
who was the lawyer for randy steven craft ?,HUM,ind,3,3239
what is `` cat scratch fever '' ?,DESC,def,1,3908
what was the tragedy that struck the city of dogtown in 1899 ?,ENTY,event,2,4720
why do movie and tv stars get paid so much ?,DESC,reason,1,4298
what drug is often used to treat aids patients ?,ENTY,dismed,2,4545
what is the history of `` the toast '' ?,DESC,desc,1,1118
who tramped through florida looking for the fountain of youth ?,HUM,ind,3,5035
what singer sings `` oh boy '' ?,HUM,ind,3,1483
what is a fear of reptiles ?,ENTY,dismed,2,3476
what was the role of the medieval guild ?,HUM,ind,3,1645
when was the berlin wall erected ?,NUM,date,5,5322
what cigar-chewing comedian observed : `` you 're only as old as the woman you feel '' ?,HUM,ind,3,2778
what are chloroplasts ?,DESC,def,1,5418
what is the name of jamiroquai new album ?,ENTY,cremat,2,5125
what does ekg stand for ?,ABBR,exp,0,5092
what is the recomended age to switch a child from a crib to a bed ?,NUM,period,5,3116
what is literary criticism ?,DESC,def,1,3051
how do you clean an lcd monitor screen ?,DESC,manner,1,2623
"what is the per-capita income of colombia , south america ?",NUM,money,5,3584
what kind of dog is scooby doo ?,ENTY,animal,2,1670
where did the myth of santa claus originate ?,LOC,other,4,568
how much did the iran-contra investigation cost ?,NUM,money,5,5411
what is e-commerce ?,DESC,def,1,2381
what did jack exchange with the butcher for a handful of beans ?,ENTY,other,2,5445
what african country is governed from ouagadougou ?,LOC,country,4,1553
what cigarette is `` a whole new world '' ?,ENTY,other,2,5034
what is hypnotherapy ?,DESC,def,1,2432
what constitutes an adult ?,ENTY,other,2,1889
where is former pro wrestler johnny `` rubber man '' walker ?,LOC,other,4,2579
what does the name billie mean ?,DESC,def,1,434
what u.s. state records the least rainfall ?,LOC,state,4,932
what state produces the best lobster to eat ?,LOC,state,4,2032
what desert has been called the garden of allah ?,LOC,other,4,438
what is the difference between hair and fur ?,DESC,desc,1,4890
how many different kinds of ice cream are there ?,NUM,count,5,4487
who were the `` filthiest people alive ? '',HUM,ind,3,811
what is the protection rate of using condoms ?,NUM,other,5,2533
who was the second man to walk on the moon ?,HUM,ind,3,1924
who is stationed at camp swampy in the comic strips ?,HUM,ind,3,1617
how many zip codes are there in the u.s. ?,NUM,count,5,4421
who is the youngest of the beatles ?,HUM,ind,3,621
"what do caroll baker , tammy grimes , debbie reynolds , and judy garland all have in common ?",DESC,desc,1,1615
what is ouzo ?,DESC,def,1,4052
"in kafka 's metamorphosis , the hero awakes one morning to find himself turned into what ?",ENTY,other,2,2828
what kind of file has the extension .dbf ?,ENTY,other,2,550
"what member of the little rascals has an on-again , off-again sweetheart in darla hood ?",HUM,ind,3,4859
how long is camptown racetrack ?,NUM,dist,5,2233
name a film in which jude law acted .,ENTY,cremat,2,563
what is a camel hair brush actually made out of ?,ENTY,substance,2,2281
in what year was the berlin wall erected ?,NUM,date,5,3296
who gave king arthur the round table ?,HUM,ind,3,4405
what tv show chronicled the lives of katy holstrum and congressman glen morley ?,ENTY,cremat,2,1431
what comedian created a punch-drunk pugilist named cauliflower mcpugg ?,HUM,ind,3,4047
how many people live in chile ?,NUM,count,5,5429
how many zeros are there in a trillion ?,NUM,count,5,3350
what is hdlc ?,ABBR,exp,0,3796
where are zebras most likely found ?,LOC,other,4,4883
how many pairs of wings does a tsetse fly have ?,NUM,count,5,2680
who is the `` queen mother '' ?,HUM,desc,3,472
how is paraguay for vacations ?,DESC,manner,1,5308
what do the figures represent on the easter island ?,DESC,def,1,5300
who led the opposition when konrad adenauer was chancellor in germany ?,HUM,ind,3,3152
what is the real name of disc jockey `` wolfman jack '' ?,HUM,ind,3,824
in what year did china and the republic of korea establish diplomatic relations ?,NUM,date,5,1618
who is the leader of india ?,HUM,ind,3,3505
how many people have died of tuberculosis ?,NUM,count,5,3940
name a tiger that is extinct .,ENTY,animal,2,662
how many freckles does howdy doody have on his face ?,NUM,count,5,4637
who founded the people 's temple commune ?,HUM,ind,3,151
whose biography by maurice zolotow is titled shooting star ?,HUM,ind,3,3326
how many words are there in the spanish language ?,NUM,count,5,4956
how old is britney spears ?,NUM,period,5,3978
how does blood clot ?,DESC,manner,1,3014
what country 's flag is field green ?,LOC,country,4,3314
what is the best way to travel in japan ?,ENTY,techmeth,2,5047
what dickens novel has david carrying the message `` barkis is willin '' to peggy ?,ENTY,cremat,2,1068
why are peanut butter cookies topped with crisscrosses ?,DESC,reason,1,4063
what country is kosovo a part of ?,LOC,country,4,1345
what does the technique called `` cold fusion '' produce ?,ENTY,techmeth,2,1304
what is the population of mexico ?,NUM,other,5,3289
what island was the target of the u.s. 's operation urgent fury ?,LOC,other,4,4737
what 's the only color johnny cash wears on stage ?,ENTY,color,2,57
where is belize located ?,LOC,other,4,3246
how did water appear on the earth ?,DESC,manner,1,5118
what was paul bunyan 's ox 's name ?,ENTY,animal,2,2242
how can i get rich quick ?,DESC,manner,1,4158
how did bob marley die ?,DESC,manner,1,2913
who won oscars for her roles in gone with the wind and a streetcar named desire ?,HUM,ind,3,4798
how do i register a trade name in north carolina ?,DESC,manner,1,2183
what holidays are celebrated in ireland ?,ENTY,event,2,988
what did the congress of vienna establish ?,ENTY,other,2,2907
name the only extant trilogy of classical greek plays .,ENTY,cremat,2,971
what was lost and regained by poet john milton ?,ENTY,other,2,4231
"what was the claim to fame of the football game that saw fordham defeat waynesburg state 12601 on september 3 , 1939 ?",DESC,reason,1,3602
what is the correct way to use `` may '' vs. `` might '' ?,ENTY,techmeth,2,4837
what is habeas corpus ?,DESC,def,1,5027
what is maurizio pellegrin 's age ?,NUM,period,5,4842
what is a fear of stings ?,ENTY,dismed,2,3500
how many cables support the main span of the golden gate bridge ?,NUM,count,5,4015
what city is near the mouth of the amazon ?,LOC,city,4,2468
how much was the minimum wage in 1991 ?,NUM,money,5,828
what is the feudal system ?,DESC,def,1,3383
what incident caused the canning of a summit conference between eisenhower and khrushchev ?,DESC,reason,1,2067
what shrubs can be planted that will be safe from deer ?,ENTY,plant,2,219
how long does james bond like his eggs boiled ?,NUM,period,5,3244
where can i find a world atlas map online at no charge ?,LOC,other,4,4175
how many continents are there ?,NUM,count,5,3895
who was the first animal into space ?,ENTY,animal,2,4552
what nationality were the 123 people who died in the black hole of calcutta ?,LOC,country,4,2113
what is amezaiku ?,DESC,def,1,2625
what is titanium ?,DESC,def,1,64
who did sonny liston succeed as world heavyweight boxing champion ?,HUM,ind,3,1051
why was the zipper invented ?,DESC,reason,1,1286
what hair color can i use to just cover a little gray ?,ENTY,color,2,4501
where did dylan thomas die ?,LOC,other,4,2769
what is damage to business and government caused by bureaucracy ?,ENTY,other,2,1978
what field sport did dentist william beers promote and write a standard book of rules for ?,ENTY,sport,2,447
how many dots make up the symbol for `` because '' ?,NUM,count,5,588
how many states have a lottery ?,NUM,count,5,3282
what is a neurosurgeon ?,DESC,def,1,1891
what should you do for an ankle sprain ?,DESC,desc,1,3465
what u.s. state has the lowest highest elevation at 6 feet ?,LOC,state,4,3075
what is bph ?,ABBR,exp,0,309
what is jimmy olsen 's full name ?,HUM,ind,3,3939
what country did the allies invade in world war ii 's operation avalanche ?,LOC,country,4,4187
how much did alaska cost when bought from russia ?,NUM,money,5,4646
what athlete makes the most money from sports merchandise sales ?,HUM,ind,3,152
what kind of mammal is a colt ?,ENTY,animal,2,4119
what body of water does the danube river flow into ?,LOC,other,4,71
what two european countries entered the war of american independence against the british ?,LOC,country,4,231
what are the first ten amendements passed ?,ENTY,cremat,2,1223
what is the `` coppertop '' battery ?,DESC,def,1,613
what kind of animal was winnie the pooh ?,ENTY,animal,2,1444
how do you buy stocks ?,DESC,manner,1,4142
what countries have the largest areas of forest ?,LOC,country,4,199
what is the largest city in connecticut ?,LOC,city,4,4100
where is the abominable snowman said to wander ?,LOC,other,4,586
how many characters are in the chinese alphabet ?,NUM,count,5,4966
how many four star generals were there and who are they ?,NUM,count,5,2979
name the five positions who are in the line of succession to the presidency .,HUM,title,3,1380
what instrument is ray charles best known for playing ?,ENTY,instru,2,257
what country 's northernmost city is darwin ?,LOC,country,4,1429
who was the democratic nominee in the american presidential election ?,HUM,ind,3,774
what 's the tallest building in new york city ?,LOC,other,4,657
what organization was founded by the rev. jerry falwell ?,HUM,gr,3,901
what was the verdict in the trial of lizzie borden ?,DESC,desc,1,2395
how many hostages were killed in the entebbe raid ?,NUM,count,5,146
what is the best brand for a laptop computer ?,ENTY,product,2,3397
what record company was formed by herb alpert and jerry moss ?,HUM,gr,3,3469
what state is known as the hawkeye state ?,LOC,state,4,5388
name the marvel team loosely based on dc 's justice league of america ?,HUM,gr,3,1734
who wrote the night of the iguana ?,HUM,ind,3,461
where is windsor castle ?,LOC,other,4,864
who sang about desmond and molly jones ?,HUM,ind,3,1302
"what was the proper laugh-in respones to : `` say goodnight , dick '' ?",DESC,desc,1,1411
what actor learned to play the saxophone and speak russian for a role in a movie ?,HUM,ind,3,2400
where does tuberculosis come from ?,LOC,other,4,3356
the iraqis launched their attack on kuwait on what day ?,NUM,date,5,1425
where is the thomas edison museum ?,LOC,other,4,4084
what is the definition of the term `` weapons system '' ?,DESC,def,1,1516
what significant battle was fought in belgium in 1815 ?,ENTY,event,2,5130
"how much would it cost to purchase a 2-foot-square party tent , with sides , ?",NUM,money,5,136
how many years of schooling after highschool does it take to become a neurosurgeon ?,NUM,count,5,4031
who was the secretary of war in the civil war during the battle of gettysburg ?,HUM,ind,3,1174
"what was the nickname of frederick i , holy roman emperor and king of germany ?",HUM,ind,3,1808
what does ioc stand for ?,ABBR,exp,0,2253
what is the filmmakers collabrative ?,DESC,def,1,232
what is a glory hole ?,DESC,def,1,4665
name the person who burst through the screen in the lite beer commercials .,HUM,ind,3,4782
what sport is known for hooligans ?,ENTY,sport,2,3315
when did nixon die ?,NUM,date,5,2980
what is a fear of food ?,ENTY,dismed,2,895
"how many miles is it from london , england to plymouth , england ?",NUM,count,5,2241
what journalist can be found in and around walden puddle ?,HUM,ind,3,4227
what percentage of the silver production is done by independent silversmiths ?,NUM,perc,5,3557
how is the word ` qigong ' pronounced ?,DESC,manner,1,4159
what comedienne calls her sister-in-law captain bligh and her mother-in-law moby dick ?,HUM,ind,3,5228
what is the scotch `` for people who know the difference '' ?,ENTY,termeq,2,3112
what are the environmental influences on plant genetics ?,DESC,desc,1,2246
what is doegs ?,DESC,def,1,3487
what is false consciousness ?,DESC,def,1,3107
what is a courier ?,DESC,def,1,2131
what measures did clinton take to avoid the draft ?,ENTY,techmeth,2,3590
where can i get information and statistics on countries and nations ?,LOC,other,4,1177
what suburban housewife and mother of three wrote the feminine mystique ?,HUM,ind,3,2258
what part of your body contains the corpus callosum ?,ENTY,body,2,155
what is the electronic device used to produce visual displays corresponding to electric signals ?,ENTY,other,2,2603
what 's the only work by michelangelo that bears his signature ?,ENTY,cremat,2,114
how do i get another city 's newspaper ?,DESC,manner,1,540
what leoncavallo opera features a prologue by a clown ?,ENTY,cremat,2,4176
what hockey team did wayne gretzky play for ?,HUM,gr,3,3438
what harmful chemicals are in bug spray ?,ENTY,substance,2,2909
what is the procedure called for drilling a hole in your skull to acheive a higher consciousness ?,ENTY,techmeth,2,3266
what is the origin of the proverb `` a stitch in time saves nine '' ?,DESC,desc,1,2571
where is the danube ?,LOC,other,4,752
what is a cullion ?,DESC,def,1,3532
where are 8 of the 10 highest mountains in the world ?,LOC,other,4,1273
what 's the third month of the gregorian calendar ?,NUM,date,5,4167
what is a fear of glass ?,ENTY,dismed,2,2173
what is the oldest ethnological museum in the world ?,LOC,other,4,2272
what is the life span of the average monkey ?,NUM,period,5,1541
what european country 's monarchy was restored in 1975 ?,LOC,country,4,5431
what actress 's autobiography is titled shelley : also known as shirley ?,HUM,ind,3,3174
"what is the origin of the word , magic ?",DESC,desc,1,641
how does a chick breathe inside an egg ?,DESC,manner,1,4277
what business exports the sparkling wine spumante ?,HUM,gr,3,2198
who advised listeners to `` see the u.s.a. in your chevrolet '' ?,HUM,ind,3,1263
what was the former residence of scottish kings in edinburgh ?,LOC,other,4,2929
to what does microsoft 's windows 3 owe its success ?,ENTY,other,2,269
"how many miles are there between tel aviv , israel and memphis , tennessee ?",NUM,count,5,4632
what is a softball made of ?,ENTY,substance,2,3866
what is the definition of the scrabble word ` syzygy ' ?,DESC,def,1,3640
how long do flies live ?,NUM,period,5,2029
how do you correctly say the word ` qigong ' ?,DESC,manner,1,228
how many people have been captain america ?,NUM,count,5,2666
what amount of money did the philippine ex-dictator marcos steal from the treasury ?,NUM,money,5,2453
who was the author of the novel `` far from the madding crowd '' ?,HUM,ind,3,1667
"why do people get goosebumps when they have something emotional happen to them , like when they hear a beautiful piece of music , or see something beautiful , or get aroused by someone they love ?",DESC,reason,1,2662
how is the election of a new pope announced to the world ?,DESC,manner,1,123
"what group included abbey hoffman , jerry rubin , and tom hayden ?",HUM,gr,3,2992
name a salt lake city newspaper .,ENTY,cremat,2,2426
why did several san diego schools remove apples from students menus ?,DESC,reason,1,1012
what island group is guadalcanal a part of ?,LOC,other,4,3780
what is candlemas day ?,DESC,def,1,1032
what do bicornate animals have two of ?,ENTY,other,2,439
"of children between the ages of two and eleven , what percentage watch `` the simpsons '' ?",NUM,perc,5,1358
who leads the star ship enterprise in star trek ?,HUM,ind,3,2213
what color are the castellated walls of the kremlin ?,ENTY,color,2,1976
what is a reliable site that i can download heretic 2 ?,LOC,other,4,1890
a normal human pregnancy lasts how many months ?,NUM,count,5,4584
how many russians have landed on the moon ?,NUM,count,5,3373
what is the approximate weight of a teaspoon of matter in a black hole ?,NUM,weight,5,3298
what 's the oldest capital city in the americas ?,LOC,city,4,4721
where can i find a list of `` classic '' books 5th and 6th graders should read ?,LOC,other,4,121
"what english physician was born on january 18 , 1779 and went on to create two important inventions ?",HUM,ind,3,3089
what company has built more than 2.5 billion little green houses since 1935 ?,HUM,gr,3,3998
who is samuel pickering ?,HUM,desc,3,1698
what 's the farthest planet from the sun ?,LOC,other,4,3011
who was the first person to study the stars ?,HUM,ind,3,3855
how do i know if i 'm jealous of someone ?,DESC,manner,1,4211
what comedian was banned from the ed sullivan show for allegedly making an obscene gesture at the show 's host ?,HUM,ind,3,1801
what was the name of aristotle onassis 's yacht ?,ENTY,veh,2,1941
what jules verne novel features scientists held captive in the submarine nautilus ?,ENTY,cremat,2,4554
what season is the setting for shakespeare 's midsummer night 's dream ?,NUM,date,5,1799
why do you say `` god bless you '' when people sneeze ?,DESC,reason,1,5156
which side should a bowler facing a 37803 split hit the 3-pin on-the left or the right ?,ENTY,other,2,3109
who was the prophet of the muslim people ?,HUM,ind,3,53
which country did hitler rule ?,LOC,country,4,2009
"which mosquito 's bite draws blood , dt nn cc dt nn .",ENTY,animal,2,250
what was the target rate for m3 growth in 1992 ?,NUM,perc,5,1233
what is a wart ?,DESC,def,1,2105
what are tannins ?,DESC,def,1,4779
what is the origin of the atom ?,DESC,desc,1,1467
who invented the stethoscope ?,HUM,ind,3,2977
what is the difference between a fruit and a vegetable ?,DESC,desc,1,1948
what type of exercise burns the most calories ?,ENTY,sport,2,4941
who coined the term nn cyberspace `` in his novel nn neuromancer '' ?,HUM,ind,3,851
what artist 's studio was the bateau-lavoir in montmartre ?,HUM,ind,3,4954
what animal 's tail is called a brush ?,ENTY,animal,2,3916
in what war was the first submarine used ?,ENTY,event,2,5067
what is porphyria ?,DESC,def,1,3003
who plays the cop in the movie `` kindergarten cop '' ?,HUM,ind,3,4802
what is the highest number of home runs on record for any one game ?,NUM,count,5,5080
who was santos-dumont ?,HUM,desc,3,3448
what problems contributed to the high failure rate of plains farmers in the 1800s ?,DESC,reason,1,4434
where is your corpus callosum ?,LOC,other,4,2871
what sport can a free-legged pacer compete in ?,ENTY,sport,2,5262
what is a language spoken by the sioux ?,ENTY,lang,2,874
"what bay sparkles next to miami , florida ?",LOC,other,4,2960
what was the first domesticated bird ?,ENTY,animal,2,85
what caused an adjournment of the 25th anniversary session of the united nations general assembly ?,DESC,reason,1,1926
what was the first ready-to-eat breakfast cereal ?,ENTY,food,2,5206
what japanese electronics company was named for a coastal city northeast of tokyo ?,HUM,gr,3,1415
what contemptible scoundrel stole the cork from my lunch ?,HUM,ind,3,6
what is a multiplexer ?,DESC,def,1,2543
what is the origin of the word ` posh ' ?,DESC,desc,1,1579
what was michelangelo 's last name ?,HUM,ind,3,772
what occupation has the highest divorce rate ?,HUM,title,3,3848
when was the nfl established ?,NUM,date,5,3072
what kind of guitar did jimi hendrix play ?,ENTY,instru,2,1835
when was the first railroad from the east coast to the west coast completed ?,NUM,date,5,5286
how many feet are there in a fathom ?,NUM,count,5,264
what are some translations of the phrase `` thank-you '' ?,ENTY,termeq,2,4701
what is the history of the soft drink mr. pibb ?,DESC,desc,1,5380
what is franz kafka 's short story `` a country doctor '' trying to tell us ?,DESC,desc,1,2516
how long does it take for your blood to make one complete trip through the body ?,NUM,period,5,2577
how many times larger than life size is the statue of liberty ?,NUM,count,5,2049
what are the top vegetable crops in the world ?,ENTY,food,2,4032
where can i find the history of the taiwanese language ?,LOC,other,4,2427
who played the title role in my favorite martian ?,HUM,ind,3,1752
where do the grimace and mayor mccheese live ?,LOC,other,4,2800
how does salt melt ice and snow ?,DESC,manner,1,3129
what is the leading pecan and peanut growing state ?,LOC,state,4,692
what meter was invented by c.c. magee in 1935 ?,ENTY,other,2,2293
what sport features snatches and clean jerks ?,ENTY,sport,2,1824
what nfl team did vince lombardi end his coaching career with ?,HUM,gr,3,3962
what was football star elroy hirsch 's nickname ?,HUM,ind,3,1482
how many wings does a flea have ?,NUM,count,5,2226
how many propellers helped power the plane the wright brothers flew into history ?,NUM,count,5,5398
what country was a terrible beauty to leon uris ?,LOC,country,4,1191
what city is served by logan international airport ?,LOC,city,4,570
what enigmatic u.s. vice president was once tried and acquitted for treason in a plot to set up his own independent empire in the west ?,HUM,ind,3,2119
what is ethology ?,DESC,def,1,52
how long is human gestation ?,NUM,period,5,1848
what do you get by adding lactobacillus bulgaricus to milk ?,ENTY,food,2,589
what team did baseball 's st. louis browns become ?,HUM,gr,3,7
"what is the mean income of the top 10% , top 5% , and top 1% ?",NUM,money,5,4927
the orange bowl is in what city ?,LOC,city,4,2013
what was al capone 's nickname ?,HUM,ind,3,2718
name the country of giants twelve times the size of man in `` gulliver 's travels . '',LOC,country,4,4987
what are the major differences in the catholic and methodist religions ?,DESC,desc,1,1237
how do hermit crabs reproduce ?,DESC,manner,1,3240
what color are seven of every 10 houses in the u.s. ?,ENTY,color,2,3800
"when reading classified ads , what does eenty : other stand for ?",ABBR,exp,0,590
what is the highest peak in africa ?,LOC,mount,4,436
"what is the 401 , k , plan ?",DESC,def,1,186
shea and gould closed their los angeles office for what reason ?,DESC,reason,1,2288
"what word occurs 46 , 227 times in the bible ?",ENTY,word,2,1654
what is the best-selling book of all time ?,ENTY,cremat,2,3874
what do most tourists visit in reims ?,LOC,other,4,2370
what is margaret thatcher known for ?,DESC,reason,1,4986
what is a gandy dancer ?,DESC,def,1,2056
what were the last names of gangsters bonnie and clyde ?,HUM,ind,3,5256
what percentage of the world 's plant and animal species can be found in the amazon forests ?,NUM,perc,5,4754
who does the advertizing for frito-lay ?,HUM,ind,3,344
when did swimming become commonplace ?,NUM,date,5,5222
what was the name of the orca that died of a fungal infection ?,ENTY,animal,2,816
what is the average weight for a man ?,NUM,weight,5,2264
what is the life expectancy of an elephant ?,NUM,period,5,3727
what household products are there for adult acne ?,ENTY,product,2,4715
how many years of bad luck follow breaking a mirror ?,NUM,count,5,3925
how long does it take different materials to decompose ?,NUM,period,5,4431
what country was hitler the chancellor of ?,LOC,country,4,3060
who was with patricia hearst the night she was kidnaped ?,HUM,ind,3,1256
who owns the st. louis rams ?,HUM,ind,3,2578
where is erykah badu originally from ?,LOC,other,4,5249
how many presidents have died on the 4th of july ?,NUM,count,5,1882
what was the previous name for the commonwealth ?,HUM,gr,3,4403
what island has a park called the battery at is southern tip ?,LOC,other,4,2283
which of the following actors worked in new york 's yiddish theater ?,HUM,ind,3,2976
what is tetrinet ?,DESC,def,1,2611
what pseudonym did william sydney porter use in writing the gift of the magi ?,HUM,ind,3,2172
what language is mostly spoken in brazil ?,ENTY,lang,2,789
what was william f. cody 's better-known name ?,HUM,ind,3,1568
what type of food makes you fat ?,ENTY,food,2,712
what is the meaning of the name ella ?,DESC,def,1,1474
what is a nematode ?,DESC,def,1,3798
how can you become an fbi agent ?,DESC,manner,1,5174
name of the powerful white trader in conrad 's `` heart of darkness '' ?,HUM,ind,3,3746
what group kidnaped patricia hearst ?,HUM,gr,3,2051
what can i use to remove the stubborn gummed labels from some diskettes ?,ENTY,other,2,639
in what high-risk business venture did jimmy the greek bet and lose ?,HUM,gr,3,1741
what is the name given to a group of geese ?,ENTY,animal,2,4293
how did the jack-o '-lantern get it 's name ?,DESC,manner,1,2164
what 's an infant seal called ?,ENTY,animal,2,1410
why were people recruited for the vietnam war ?,DESC,reason,1,866
who is section manager for guidance and control systems at jpl ?,HUM,ind,3,3182
what are the names of all the u.s. navy aircraft carriers ?,ENTY,veh,2,1030
how many times a day does the typical person go to the bathroom ?,NUM,count,5,2033
how many students attend the university of massachusetts ?,NUM,count,5,986
how long did the paris commune hold out for against the rest of france ?,NUM,period,5,3958
what african capital is named for a u.s. president ?,LOC,city,4,3228
what gender is not allowed to vote in kuwait ?,ENTY,other,2,4921
what are two plants that clothes are made from ?,ENTY,plant,2,783
what is the difference between khaki and chino ?,DESC,desc,1,4509
what company produces spumante ?,HUM,gr,3,4454
which of the following tv newsmen was a rhodes scholar ?,HUM,ind,3,4741
how many movies has drew barrymore been in ?,NUM,count,5,3430
where can i find pictorial directions on how to build a very simple treehouse ?,LOC,other,4,181
what is olestra ?,DESC,def,1,780
what apostle is taylor caldwell 's great lion of god ?,HUM,ind,3,3092
where are the busiest ports in the world ?,LOC,other,4,3648
the kentucky horse park is located near what city ?,LOC,city,4,4280
why do they sterilize the needle for lethal injection ?,DESC,reason,1,2115
who is the son-in-law of sen. everett dirkson who was also a senator in the '70 's ?,HUM,ind,3,5248
what do you call a group of geese ?,ENTY,animal,2,754
why do magnets attract ?,DESC,reason,1,2001
what are perfect tenses ?,DESC,def,1,1606
who claimed to be the world 's most perfectly-developed man ?,HUM,ind,3,2883
who did bobby fischer beat to win the world chess championship ?,HUM,ind,3,1175
who was the first host of person to person ?,HUM,ind,3,504
what was the name of roy rogers 's dog ?,ENTY,animal,2,1897
how many people in the usa say their number one source of information is the newspaper ?,NUM,count,5,1462
what is the difference between molecules and compounds ?,DESC,desc,1,3950
what actor has a tattoo on his right wrist reading scotland forever ?,HUM,ind,3,3657
what is idealab ! ?,DESC,def,1,5184
name the first russian astronaut to do a spacewalk .,HUM,ind,3,2644
what is the most populated city in the world ?,LOC,city,4,3186
who painted mother and child ?,HUM,ind,3,464
how were the days of the week named ?,DESC,manner,1,5133
what is hydrogen ?,DESC,def,1,2783
how many horses died during the civil war ?,NUM,count,5,1266
what is the meaning of thalassemia ?,DESC,def,1,2003
what does choo choo charlie say ?,DESC,desc,1,2182
what is the history of valentine 's day cards ?,DESC,desc,1,291
where did cable cars first roll down clay street in 1873 ?,LOC,other,4,1899
how do i log on to home page at headquarters u.s. european command ?,DESC,manner,1,79
"what is the smallest thing seen under the most powerful microscope , and how big is it ?",ENTY,other,2,2275
"on which dates does the running of the bulls occur in pamplona , spain ?",NUM,date,5,3170
"who died with more than 1 , 000 u.s. patents to his credit ?",HUM,ind,3,5399
who is edmund kemper ?,HUM,desc,3,4304
what famed strip of land is a 15-minute boat trip across the venetian lagoon from venice ?,LOC,other,4,2528
what well-known music personality is the father of an adopted son named hans christian henderson ?,HUM,ind,3,2088
what is a 2-sided object called ?,ENTY,termeq,2,3277
what dangles over the tongue from the palate ?,ENTY,body,2,195
what country are you visiting if you land at president duvalier airport ?,LOC,country,4,4863
what is the primary language of the philippines ?,ENTY,lang,2,5273
"who sent the brief message `` i came , i saw , i conquered '' ?",HUM,ind,3,2854
who danced into stardom with fred astaire in 1941 's you 'll never get rich ?,HUM,ind,3,432
where are the busiest amtrak rail stations in the u.s. ?,LOC,other,4,4636
what made the finger lakes in western new york state ?,DESC,reason,1,3006
where did dikembe mutombo go to college ?,LOC,other,4,4273
what broadway show introduced the song some enchanted evening ?,ENTY,cremat,2,3842
when was hurricane hugo ?,NUM,date,5,784
which glamorous actress is a close friend of dick tracy ?,HUM,ind,3,3065
what are the four natural aids used in riding a horse ?,ENTY,techmeth,2,1172
what is the difference between a board of directors and an advisory board ?,DESC,desc,1,4245
how wide is the atlantic ocean ?,NUM,dist,5,3442
what president once told gene autry : `` please give my regards to your wife dale '' ?,HUM,ind,3,5356
why is black the color of mourning in the west ?,DESC,reason,1,683
what british female pop singing star of the 1960s and early 1970s was a child actress in the 1940s and '50s ?,HUM,ind,3,4435
what was thatcher 's approval rating after 10 years in power ?,NUM,perc,5,1141
"what country was first to use the airplane as a weapon of war , against the turks in libya ?",LOC,country,4,1371
what country boasts the southernmost point in continental europe ?,LOC,country,4,2555
what is a common dolphin ?,DESC,def,1,5053
name a medicine commonly used to combat aids ?,ENTY,dismed,2,4889
what are the low countries ?,DESC,def,1,3653
where 's montenegro ?,LOC,other,4,4827
what is the fear of frogs ?,ENTY,dismed,2,1510
how does an ion drive work ?,DESC,manner,1,2127
"what is the real name of the singer , madonna ?",HUM,ind,3,4238
who painted the sistine chapel ?,HUM,ind,3,882
what was the name of randy steven craft 's lawyer ?,HUM,ind,3,5400
what volcano showers ash on sicily ?,LOC,other,4,4033
what city in florida is sea world in ?,LOC,city,4,2706
how tall is kilamanjaro ?,NUM,dist,5,2931
who is terrence malick ?,HUM,desc,3,256
what is the origin of the word marijuana ?,DESC,desc,1,4395
names of books by james a. michener set in the following locations ?,ENTY,cremat,2,5217
how old is too old for a child to not be talking ?,NUM,period,5,3704
the second most popular sport worldwide is what ?,ENTY,sport,2,2894
how many colors are there in the spectrum ?,NUM,count,5,5337
what is the folklore story regarding birds ' nests and birds in christmas trees ?,ENTY,cremat,2,1934
what botanical marvel did nebuchadnezzar build ?,LOC,other,4,5414
what rocky mountain ridge separates north america 's eastward and westward-flowing rivers ?,LOC,mount,4,2999
what was the number of assassinations and attempts to assassinate in the u.s. since 1865 ?,NUM,count,5,2184
who is the famous sister of actress olivia de havilland ?,HUM,ind,3,4075
what features of the african elephant are larger than those of the indian elephant ?,DESC,desc,1,5365
"what broadway musical featured the song , `` if i were a rich man ? ''",ENTY,cremat,2,2872
how do you make the color purple ?,DESC,manner,1,5424
who won world war ii ?,HUM,ind,3,2215
what are tonsils for ?,DESC,reason,1,1574
where were the 196 summer olympics held ?,LOC,other,4,3528
how many home runs did lou gehrig have during his career ?,NUM,count,5,952
what color is the lipstick on boy george 's wax lips at london 's madame tussaud 's ?,ENTY,color,2,3155
what happens when a body part falls asleep ?,DESC,desc,1,2560
what killed bob marley ?,ENTY,other,2,430
what does a teaspoon of matter weigh in a black hole ?,NUM,weight,5,1047
what sport is chris jogis a top player of ?,ENTY,sport,2,962
who led the normans to victory in the battle of hastings ?,HUM,ind,3,4752
what city was president william mckinley shot in ?,LOC,city,4,724
name a band which was famous in the 1960 's .,HUM,gr,3,1800
what was the first gilbert and sullivan opera ?,ENTY,cremat,2,3413
how do doctors diagnose bone cancer ?,DESC,manner,1,350
what was the infamous feat of germany 's u-2 submarine ?,DESC,desc,1,4114
what is the origin of the word `` pallbearer ? '',DESC,desc,1,2028
name the ranger who was always after yogi bear .,HUM,ind,3,2972
what is the belt of low pressure around the equator called ?,ENTY,termeq,2,653
what british monarch 's lap did p.t. barnum 's tom thumb sit in ?,HUM,ind,3,2477
what astronomical phenomenon takes place in jan. 1999 ?,ENTY,event,2,920
which king signed the magna carta ?,HUM,ind,3,4417
who is the only prime minister of canada to serve 22 years but not necessarily consecutively ?,HUM,ind,3,381
what do river otters eat ?,ENTY,food,2,4819
who was chief engineer of the starship enterprise ?,HUM,ind,3,4463
what is the name of the indian who became prime minister by beating mrs. gandhi in the 1977 election ?,HUM,ind,3,2640
the olympic games in which year allowed nadia comaneci to become popular ?,NUM,date,5,5093
what famous actress made her first appearance on stage at the age of five in the year 191 as `` baby '' ?,HUM,ind,3,5289
what mary tyler moore show regular came into the world as tadeus wladyslaw konopka ?,ENTY,cremat,2,1693
whose singing voice was dubbed in for natalie wood in west side story and audrey hepburn in my fair lady ?,HUM,ind,3,4926
how long is the coney island boardwalk ?,NUM,dist,5,537
what 's the second-most-used murder weapon in the u.s. ?,ENTY,other,2,4090
who was the russian ambassador to hungary during the 1956 uprising ?,HUM,ind,3,2188
why is the word `` abbreviation '' so long ?,DESC,reason,1,3292
what is a country that starts with the letter x ?,LOC,country,4,4867
what color is the cross on switzerland 's flag ?,ENTY,color,2,3749
who shot billy the kid ?,HUM,ind,3,3025
"how many casinos are in atlantic city , nj ?",NUM,count,5,896
how many people did the united nations commit to help restore order and distribute humanitarian relief in somalia in september 1992 ?,NUM,count,5,3864
what color is `` ash '' ?,ENTY,color,2,1877
what are all the different kinds of contraceptives ?,ENTY,dismed,2,1859
why did several san diego schools stop serving apples to students ?,DESC,reason,1,627
what country 's people are the top television watchers ?,LOC,country,4,415
what is the most useful site on the internet ?,LOC,other,4,1293
where is `` global schoolhouse '' ?,LOC,other,4,4030
what is the biblical meaning of ` stones ' ?,DESC,def,1,2436
what 1927 silent film received an international revival in 1981 ?,ENTY,cremat,2,4346
who is the voice of miss piggy ?,HUM,ind,3,955
in what year was the cannon invented ?,NUM,date,5,4235
what two countries ' coastlines border the bay of biscay ?,LOC,country,4,1125
how do you write mla style bibliographies for an internet source ?,DESC,manner,1,1957
who was the most famous food editor of the new york times ?,HUM,ind,3,3164
what are manifest and latent function theories ?,DESC,def,1,1907
why were the american soldiers in wwi called `` doughboys '',DESC,reason,1,909
"who created the world wide web , www ?",HUM,ind,3,3265
what movie tour of the roman empire features the admonition : `` row well and live '' ?,ENTY,cremat,2,418
what kind of company is 7-eleven ?,HUM,gr,3,4660
what director made one silent and one sound version of the ten commandments ?,HUM,ind,3,5221
what did the confederate constitution say about slavery ?,DESC,desc,1,4426
where can i find the history of the hungarian language ?,LOC,other,4,5032
what color is most often used to symbolize truth ?,ENTY,color,2,3687
what song put james taylor in the limelight ?,ENTY,cremat,2,4283
what 's the population of mississippi ?,NUM,other,5,1856
"what schools in the washington , dc nn nn vbp nn nn nn nn .",HUM,gr,3,254
what is the largest and most expensive freeway construction project in the u.s. right now ?,LOC,other,4,4929
what does a pedometer measure ?,ENTY,other,2,4841
who was the first black golfer to tee off in the masters ?,HUM,ind,3,801
cnn began broadcasting in what year ?,NUM,date,5,207
who was america 's first public enemy no. 1 ?,HUM,ind,3,1086
what isps exist in the caribbean ?,HUM,gr,3,48
what 1964 film introduced the song my kind of town ?,ENTY,cremat,2,2825
who invented basketball ?,HUM,ind,3,4565
"who was the captain of the tanker , exxon valdez , involved in the oil spill in prince william sound , alaska , 1989 ?",HUM,ind,3,2496
what is the aim-54c phoenix ?,DESC,def,1,960
what are the ages in comic book lingo ?,ENTY,event,2,2746
which soft drink does madonna advertise for ?,ENTY,food,2,903
how do you convert foot-pounds to foot-inches ?,DESC,manner,1,2310
how do birds find their way back to the same place every year ?,DESC,manner,1,2097
what 's the capital of monaco ?,LOC,city,4,4128
what is the trademark of a washington redskin 's fan ?,ENTY,symbol,2,2256
how many superbowls have the ers won ?,NUM,count,5,2054
what are the four elements ?,ENTY,substance,2,339
what does nasa stand for ?,ABBR,exp,0,3521
what is the name of the american who was captured when his plane went down over syrian-held lebanon ?,HUM,ind,3,4006
how long was the oj simpson trial ?,NUM,period,5,3881
what asian gulf were the destroyers maddox and c turner joy shot up in ?,LOC,other,4,4302
what daily newspaper will `` help you see clearer across the usa '' ?,ENTY,cremat,2,4813
what is the wingspan of a condor ?,NUM,dist,5,736
what war did florence nightingale tend the troops in ?,ENTY,event,2,378
who wrote the poem that starts `` i love your lips when they 're wet with wine and red with a warm desire '' ?,HUM,ind,3,3445
what president also became a supreme court justice ?,HUM,ind,3,5230
what is the c programming language ?,DESC,def,1,1457
what is the oldest website on the internet ?,LOC,other,4,4851
what u.s. state ends with a g ?,LOC,state,4,1676
which police department made the all-time biggest cocaine bust in ventura county ?,HUM,gr,3,5131
"who was named admiral of the ocean seas and viceroy and governor general of all the islands he might discover , and also granted 10-?? of all profits of his voyage .",HUM,ind,3,738
"what inescapable purveyor of background music celebrated its 5th anniversary in july , 1984 ?",HUM,gr,3,1102
"what 1950 film won seven oscars , including best picture ?",ENTY,cremat,2,4933
what do you get by mixing gin and vermouth ?,ENTY,food,2,2494
"what king is satirized in the line : `` the king was in the countinghouse , counting all his money '' ?",HUM,ind,3,5213
what is the name of the art of growing miniature trees ?,ENTY,termeq,2,1998
what is the name of the largest water conservancy project in china ?,ENTY,event,2,2443
what geological time do we live in ?,NUM,date,5,4286
"when superman needs to get away from it all , where does he go ?",LOC,other,4,2876
what spice do chefs pay the most for ?,ENTY,food,2,2688
"what book opens : `` at a certain village in la mancha , which i shall not name.. . '' ?",ENTY,cremat,2,2499
what stephen king novel is set in a graveyard for pets ?,ENTY,cremat,2,4357
what is the date of boxing day ?,NUM,date,5,21
when was cigarette advertising banned on television and radio ?,NUM,date,5,5323
how many times in his 16-year national basketball associaton career was john havlicek a member of the all-star team ?,NUM,count,5,1651
who was the tallest u.s. president ?,HUM,ind,3,5224
where is amsterdam ?,LOC,other,4,1869
what was known as the spice island ?,LOC,other,4,503
"what is the approximate population of las vegas , n.m ?",NUM,other,5,1353
what is grenada 's main commodity export ?,ENTY,other,2,520
in what year did ireland elect its first woman president ?,NUM,date,5,814
what makes you fat ?,DESC,reason,1,4205
what organization is the security council a part of ?,HUM,gr,3,3598
what does hazmat stand for ?,DESC,def,1,2239
what seven digits follow the area code in the number for long distance information ?,NUM,code,5,3626
what is the text of the fifth amendment ?,DESC,desc,1,4866
how many children under 18 are victims of some sort of physical abuse each year ?,NUM,count,5,1087
where must a soccer goalie stand to be permitted to handle the ball ?,LOC,other,4,422
how many chemical elements are there ?,NUM,count,5,3149
what does nn o `` mean when used as a prefix in irish surnames ?,ABBR,exp,0,981
what is lung cancer ?,DESC,def,1,4008
"what was nine tailors , the television show from 1974 , about ?",DESC,desc,1,3193
what was the name of captain bligh 's ship ?,ENTY,veh,2,2616
how many bends are there in a standard paper clip ?,NUM,count,5,153
how many cards is each player dealt in contract bridge ?,NUM,count,5,4322
what 's the staff of life mentioned in the lord 's prayer ?,DESC,def,1,3703
"who says , `` if you don 't look good , we don 't look good '' ?",HUM,ind,3,2401
what painter popularized soup cans and brillo soap pad boxes ?,HUM,ind,3,5369
what city has a newspaper called the plain dealer ?,LOC,city,4,4460
how does a hurricane form ?,DESC,manner,1,2788
what was mae west 's last film ?,ENTY,cremat,2,4202
what london street is the home of british journalism ?,LOC,other,4,1027
what city or state do the most gay men live in ?,LOC,city,4,1652
what four elements make up 90 percent of the human body ?,ENTY,substance,2,4989
who was picasso ?,HUM,desc,3,4902
why shouldn 't you remove a bee stinger with tweezers ?,DESC,reason,1,4423
what dumb-but-loveable character did maurice gosfield play on the phil silvers show ?,HUM,ind,3,2137
what is a cartesian diver ?,DESC,def,1,1678
what 's the official animal of canada ?,ENTY,animal,2,282
"what soft drink first appeared in the old corner drug store in waco , texas , in 1885 ?",ENTY,food,2,1084
who is olive oyl 's brother ?,HUM,ind,3,4603
who co-starred with julie andrews in mary poppins ?,HUM,ind,3,3919
how many emperors were there in the roman empire ?,NUM,count,5,2849
"what is a term for behavior , appearance , or expression that violates the accepted standards of sexual morality ?",ENTY,termeq,2,3472
how is ` qigong ' properly pronounced ?,DESC,manner,1,4371
"what was the real name of writer ross macdonald , creator of the hero lew archer ?",HUM,ind,3,3818
how many people died when the estonia sank in 1994 ?,NUM,count,5,4541
what are the limits to `` self-defense ? '',DESC,desc,1,3421
what two countries in south america are landlocked ?,LOC,country,4,1999
how do i contact answers.com direct ?,DESC,manner,1,4996
what book is the follow-up to future shock ?,ENTY,cremat,2,1507
which city in china has the largest number of foreign financial companies ?,LOC,city,4,4870
what name does the world know renaissance artist kyriakos theotokopoulos by ?,HUM,ind,3,5352
what is a fear of speaking ?,ENTY,dismed,2,4855
what is the organizational structure of the new delhi indira gandhi airport ?,ENTY,other,2,3077
what causes headaches ?,DESC,reason,1,5216
what asian leader was known as the little brown saint ?,HUM,ind,3,668
what is one of the languages spoken by the sioux called ?,ENTY,lang,2,3309
what is the second hardest substance ?,ENTY,substance,2,626
who was the inventor of the stove ?,HUM,ind,3,1219
who is behind the name of the harvey wallbanger drink ?,HUM,ind,3,2736
how many colonies were involved in the american revolution ?,NUM,count,5,179
how can you tell if someone is lying ?,DESC,manner,1,2110
who is the monarch of the united kingdom ?,HUM,ind,3,679
what was the name of the first russian astronaut to do a spacewalk ?,HUM,ind,3,240
when did the use of `` the syringe '' first appear in medicinal history ?,NUM,date,5,5274
what are the only players eligible to score points in roller derby called ?,HUM,title,3,3352
what is the definition of a cascade ?,DESC,def,1,98
who invented the wonderbra ?,HUM,ind,3,2570
how much does the president get paid ?,NUM,money,5,1354
what 4-foot-9 actress in 1984 became the first performer to win an oscar for playing a character of the opposite sex ?,HUM,ind,3,3024
what is glass made of ?,ENTY,substance,2,1930
what letter is to the right of k on a typewriter keyboard ?,ENTY,letter,2,717
what is the definition of cecum ?,DESC,def,1,4747
how do you find oxidation numbers ?,DESC,manner,1,982
what is the only vegetable that starts with `` z '' ?,ENTY,food,2,4377
what is paracetamol ?,DESC,def,1,248
what is her profession ?,HUM,title,3,853
the name of the actor who played the detective in the film kindergarden cop is what ?,HUM,ind,3,2506
who built the first pyramid ?,HUM,gr,3,3273
what city was bobby kennedy assassinated in ?,LOC,city,4,3481
"what is the most important nation in the world , historically ?",LOC,country,4,5284
what are the top ten all-time money making nfl teams ?,HUM,gr,3,3331
when was the first flush toilet invented ?,NUM,date,5,1769
what is the name of the islamic counterpart to the red cross ?,ENTY,termeq,2,1928
where is tufts university ?,LOC,other,4,1036
how do you send a movie transcript to hollywood so that it can be produced into a film ?,DESC,manner,1,1181
silly putty was invented by whom ?,HUM,ind,3,1646
how do you address a chinese person ?,DESC,manner,1,2002
what kind of flowers does detective nero wolfe raise ?,ENTY,plant,2,1966
what engineer invented the pull-tab can ?,HUM,ind,3,2517
what is the tallest building in japan ?,LOC,other,4,1421
what non-alcoholic syrup is made from pomegranate juice ?,ENTY,food,2,2292
when is bastille day ?,NUM,date,5,629
what kind of education do i need to become a flight attendant ?,ENTY,other,2,745
what court does bob woodward describe in the brethren ?,HUM,gr,3,2077
what daughter of henry viii and anne boleyn became queen of england ?,HUM,ind,3,1289
what sign is the best love match for a horoscope sign ?,ENTY,symbol,2,2187
how much do tuberculosis combatting drugs cost ?,NUM,money,5,4935
what color tennis balls are used at wimbledon ?,ENTY,color,2,3276
name the french historical period during the reign of napoleon iii .,ENTY,event,2,3279
how many muscles does an oyster have ?,NUM,count,5,4787
what are the five most popular usenet groups ?,HUM,gr,3,4578
who invented the electric guitar ?,HUM,ind,3,5101
what is `` the only cigarette made with no leftovers '' ?,DESC,desc,1,4942
"what country surrounds san marino , the world 's smallest republic ?",LOC,country,4,4197
how many corners does a spritsail have ?,NUM,count,5,2541
what is the origin of the word `` attic '' ?,DESC,desc,1,102
what brand number graces the black label of a bottle of jack daniel 's ?,NUM,other,5,1594
what do humans catch zoonose diseases from ?,ENTY,other,2,4915
when was babe ruth born ?,NUM,date,5,4442
what kind of fruit is a yellow transparent ?,ENTY,food,2,4282
what are faults in the earth 's crust ?,DESC,def,1,5104
how many real fruit juices are there in a can of hawaiian punch ?,NUM,count,5,2649
which cats pursued tweety pie in his first cartoon appearance ?,ENTY,animal,2,2435
where is mile high stadium ?,LOC,other,4,3083
where are the 49 steps ?,LOC,other,4,171
what kind of women gave sigmund freud erotic dreams ?,HUM,ind,3,4971
how is it correct to say ` qigong ' ?,DESC,manner,1,412
what fictional character is known as the `` melancholy dane '' ?,HUM,ind,3,807
who wrote the farmer 's almanac ?,HUM,ind,3,2944
what does knight ridder publish ?,ENTY,cremat,2,3477
what is the most common boy 's or girl 's name ?,HUM,ind,3,4691
what were the trials called which followed world war ii ?,ENTY,event,2,1589
where is mccarren airport located ?,LOC,other,4,4436
who is the father of the computer ?,HUM,ind,3,1902
what california desert is dubbed high desert ?,LOC,other,4,2161
who is johnny carson ?,HUM,desc,3,2410
name a ballet company mikhail baryshnikov has danced for ?,HUM,gr,3,4751
what 's the difference between sleet and freezing rain ?,DESC,desc,1,1225
what is the weakest bone in the body ?,ENTY,body,2,2219
what song served as the closing theme of the johnny cash show ?,ENTY,cremat,2,446
"what was the first funk 'n lata , brazilian group , success ?",DESC,desc,1,1143
how many revolutions does a standard lp make in three minutes ?,NUM,count,5,236
who was the last u.s. president to reinstate selective service registration ?,HUM,ind,3,3169
what was the name of the daughter of the virginia chief powhatan that married john rolfe ?,HUM,ind,3,691
what color flies closest to the staff on belgium 's flag ?,ENTY,color,2,2274
how do websites like yahoo and excite make money ?,DESC,manner,1,3593
why are there 12 people on a jury in criminal cases ?,DESC,reason,1,1342
what is the abbreviation of the company name ` general motors ' ?,ABBR,abb,0,382
"what color , s , appear on boxes of kodak film ?",ENTY,color,2,2472
how does light travel through the void of space if there is no medium for it to ` wave ' or ` pulse ' .,DESC,manner,1,1954
what country contains the highest point in south america ?,LOC,country,4,2985
who is the president of stanford university ?,HUM,ind,3,525
what was the living room war ?,DESC,def,1,4700
what rum is so `` mixable '' it is a one-brand bar ?,ENTY,food,2,242
what is power steering ?,DESC,def,1,4272
"what planet would you visit to see bebrenia , arcadia , and amazonis ?",LOC,other,4,2192
where 's the gum department store ?,LOC,other,4,2404
what are the words to the song sung by `` banana in pajamas '' ?,DESC,desc,1,2446
name of heroine in `` scruples '' ?,HUM,ind,3,4727
what is the world 's deadliest infectious disease ?,ENTY,dismed,2,4573
when did humans first begin to write history seriously ?,NUM,date,5,1757
when was john d. rockefeller born ?,NUM,date,5,3235
what is a good book to read for people who hate to read ?,ENTY,cremat,2,1583
what is the name of the american literary era that includes 1896 ?,ENTY,event,2,2336
who is the fastest swimmer in the world ?,HUM,ind,3,435
what is the origin of the candy cane at christmas ?,DESC,desc,1,3156
what is the cost of the drugs used in tuberculosis treatments ?,NUM,money,5,3188
what is a plant supplement ?,DESC,def,1,3843
who portrayed prewett in from here to eternity ?,HUM,ind,3,4359
what hard-of hearing artist painted sunflowers ?,HUM,ind,3,1555
what new year is celebrated on february 16th ?,ENTY,event,2,2798
who is the prime minister in norway ?,HUM,ind,3,4065
how do you fix squeaky floors ?,DESC,manner,1,4767
who is langston hughes ?,HUM,desc,3,2318
what city has the two steepest streets in the u.s. ?,LOC,city,4,4985
when was calypso music invented ?,NUM,date,5,2294
what season begins with the vernal equinox ?,NUM,date,5,1895
where was chop suey invented ?,LOC,other,4,3753
who founded the unification church ?,HUM,ind,3,3349
what is the nickname for the state of mississippi ?,LOC,state,4,84
how many sides does an obelisk have ?,NUM,count,5,4229
"what was mao , the chinese leader 's , full name ?",HUM,ind,3,4305
what u.s. state is mammoth cave national park in ?,LOC,state,4,5238
"what is the current population for these countries : france , spain , italy , greece , austria , germany , switzerland , the netherlands ?",NUM,count,5,3153
in what year did thatcher become prime minister ?,NUM,date,5,169
"who is the richest person in the world , without owning a business ?",HUM,ind,3,4251
who killed kurt cobain ?,HUM,ind,3,3009
where is the kalahari desert ?,LOC,other,4,192
which area produces the least acidic coffee ?,LOC,other,4,2254
what is the term for a group of geese ?,ENTY,termeq,2,1777
who shared a new york city apartment with roger maris the year he hit 61 home runs ?,HUM,ind,3,3384
"what is the name of the ` female ' counterpart to el nino , which results in cooling temperatures and very dry weather ?",ENTY,termeq,2,4861
how much did mercury spend on advertising in 1993 ?,NUM,money,5,4521
what is a bone marrow transplant meant for ?,DESC,def,1,3735
how do i give a good massage ?,DESC,manner,1,1901
how do you build a solar car for a high school experiment ?,DESC,manner,1,3379
what civil war was fought between 1936 and 1939 ?,ENTY,event,2,1331
how do i sing like elvis presley ?,DESC,manner,1,1932
what does `` antidisestablishmentarianism '' mean ?,DESC,def,1,794
which drug is commonly used to treat aids ?,ENTY,dismed,2,1107
where in the americas is it only 47 miles from the atlantic to the pacific ?,LOC,other,4,5168
what is the chemical reactivity of neon ?,NUM,other,5,4849
what does ribavirin consist of ?,ENTY,substance,2,579
name the largest country in south america .,LOC,country,4,919
name the men 's cologne that is associated with the sea .,ENTY,other,2,4616
what 's the most common surname in america ?,HUM,ind,3,1946
why do people in the upper peninsula of michagin say `` eh ? '' ?,DESC,reason,1,1138
what is the dialogue circle in cartoons called ?,ENTY,termeq,2,956
what is the time it takes a typist to type a screenplay that is 100 pages long ?,NUM,period,5,2677
what letter does gorbachev 's middle name start with ?,ENTY,letter,2,4203
what are the different approaches of systems analysis ?,ENTY,techmeth,2,349
what is the name of the dog on the cracker jack box ?,ENTY,animal,2,1906
what 's the term for a young fox ?,ENTY,termeq,2,58
where is the human skin least sensitive ?,ENTY,body,2,2670
what famous meat company went out of business because it became known that the underworld had been selling them kangaroo meat ?,HUM,gr,3,3287
what monarch signed the magna carta ?,HUM,ind,3,5180
what class of animals makes up more than two-thirds of known species ?,ENTY,animal,2,4124
how do i find the balance of my social security account ?,DESC,manner,1,290
what is the half-life of p-32 ?,DESC,def,1,1339
what happened during the blackhawk indian war of 1832 ?,DESC,desc,1,748
what 's the dumbest domesticated animal ?,ENTY,animal,2,3546
what are the highest-paying odds on a roulette table ?,NUM,perc,5,2081
why was the l.a. office of shea and gould closed ?,DESC,reason,1,762
who was actress june havoc 's legendary sister ?,HUM,ind,3,5240
what foods contain vitamin b12 ?,ENTY,food,2,4893
what is the meaning of `` cpr '' ?,DESC,def,1,3799
who portrayed george m. cohan in 1942 's yankee doodle dandy ?,HUM,ind,3,5147
what did warlock wear on his forehead in marvel comics ?,ENTY,other,2,4742
what 's the largest u.s. agricultural crop by weight ?,ENTY,food,2,2602
how does a rainbow form ?,DESC,manner,1,331
what is a fear of jealousy ?,ENTY,dismed,2,3232
what are the most albums sold by one artist or band ?,ENTY,cremat,2,2893
what american actress was the first to be called a `` vamp '' ?,HUM,ind,3,2749
what was the effect of the yalta conference ?,DESC,desc,1,5295
who 's the only president buried in washington,HUM,ind,3,4924
who was credited with saying : `` i never met a man i did n't like '' ?,HUM,ind,3,1700
"what was introduced commercially by bayer a.g. of leverkusen , in 1899 ?",ENTY,other,2,527
what are the top five oil-producing countries in the world ?,LOC,country,4,3812
what war saw a naval battle between the luxury liners cap trafalgar and the carmania ?,ENTY,event,2,1149
what president-to-be was the first member of congress to enlist following the attack on pearl harbor ?,HUM,ind,3,786
"what are some fun things to do in cozumel , mexico for teenagers ?",DESC,desc,1,2484
who developed potlatch ?,HUM,ind,3,2989
what is the best distance education university or college ?,HUM,gr,3,1878
what is the name of a book written by aaron hass ?,ENTY,cremat,2,5018
how many colleges are in wyoming ?,NUM,count,5,546
how do anti-locking brakes work ?,DESC,manner,1,5121
where does the song anything goes take place ?,LOC,other,4,3301
what is the name of the planet that the ewoks live on ?,LOC,other,4,2135
where do the blackhawks maintain their operations ?,LOC,other,4,2166
how do you throw a housewarming party ?,DESC,manner,1,3052
what 's the most abundant element in the sun ?,ENTY,substance,2,1434
what former president 's daughter has written a book titled murder in the white house ?,HUM,ind,3,806
who was the 3rd president of the united states ?,HUM,ind,3,4396
what day of the week sees the most fatal car accidents ?,NUM,date,5,640
"who was the columbia pictures head who forged actor cliff robertson 's name on a $1 , 000 check ?",HUM,ind,3,3316
name the three races unleashed by the celestials in marvel comics .,HUM,gr,3,3067
how do they produce vitamins ?,DESC,manner,1,3595
what are the cookies in internet ?,DESC,def,1,3946
what do you say to a friend who ignores you for other friends ?,DESC,desc,1,5002
how many mountains have been named for presidents in the continental usa ?,NUM,count,5,5057
who was secretary of state during the nixon administration ?,HUM,ind,3,2402
how do you get bubblegum out of carpet ?,DESC,manner,1,4770
what comedian hit the tv screen in 1951 with the nbc afternoon show time for ernie ?,HUM,ind,3,2982
what is the world 's largest distilling company ?,HUM,gr,3,4711
what country received all the nobel prizes awarded in 1976 ?,LOC,country,4,1081
what king boycotted prince charles 's wedding ?,HUM,ind,3,4607
what 's the name of jacques cousteau 's research ship ?,ENTY,veh,2,1056
what was the claim to fame of king camp gillette ?,DESC,reason,1,778
what do you call a poker hand with five cards of the same suit ?,ENTY,termeq,2,1781
how many months does a normal human pregnancy last ?,NUM,count,5,821
in what city is the famed st. mark 's square ?,LOC,city,4,1033
who is the most sexy celebrity ?,HUM,ind,3,4469
what 1976 deep throat clone provides the leading lady with a second larynx ?,ENTY,other,2,4150
name the first private citizen to fly in space .,HUM,ind,3,1481
what are the ten safest american cities for pedestrians ?,LOC,city,4,3533
what is a fear of cold ?,ENTY,dismed,2,1130
what after-dinner treat was invented in 1916 at the george jung noodle factory in los angeles ?,ENTY,food,2,4784
what country did the mau mau uprising take place in ?,LOC,country,4,3514
what was the name of the titanic 's captain ?,HUM,ind,3,4726
what is the best art and design school in the world ?,HUM,gr,3,3518
how many canadians emmigrate each year ?,NUM,count,5,1011
what is the length of border between the ukraine and russia ?,NUM,dist,5,3795
name the country which honecker lived in .,LOC,country,4,3530
what else has the swastika stood for ?,DESC,def,1,2661
"what river runs through colorado , kansas , and oklahoma ?",LOC,other,4,3337
who was president of costa rica in 1994 ?,HUM,ind,3,941
how much calcium should an adult female have daily ?,NUM,count,5,5143
what 's been the ruin of many a poor boy in new orleans ?,ENTY,other,2,5026
what is an isthmus ?,DESC,def,1,815
what are cushman and wakefield known for ?,DESC,reason,1,70
name the various super-teams to which the angel has belonged .,HUM,gr,3,1054
what 's the biggest-selling u.s. magazine aimed at a black audience ?,ENTY,cremat,2,5271
"how can people from ireland come to the u.s. , work , and then return to ireland ?",DESC,manner,1,4947
what is the west virginia state animal ?,ENTY,animal,2,4697
why is the grass green ?,DESC,reason,1,497
what 's the name of the tokyo stock exchange ?,ENTY,termeq,2,2375
what condiment do the dutch dip their french fries in ?,ENTY,food,2,5065
what soft drink would provide me with the biggest intake of caffeine ?,ENTY,food,2,968
who liberated 19th century sicily and naples ?,HUM,ind,3,3644
who 's the king of swing ?,HUM,ind,3,3699
what is a fear of points ?,ENTY,dismed,2,4399
what is the normal resting heart rate of a healthy adult ?,NUM,other,5,332
where did the marriage ceremony come from ?,DESC,desc,1,5088
what is the cultural origin of the ceremony of potlatch ?,DESC,desc,1,4255
who was the king who signed the magna carta ?,HUM,ind,3,3497
where did guinea pigs originate ?,LOC,other,4,1124
how old is stevie wonder ?,NUM,period,5,1512
what 1956 grace metalious novel was on the best-seller list for two years ?,ENTY,cremat,2,3066
what are the names of jacques cousteau 's two sons ?,HUM,ind,3,3830
who said : `` the victor will never be asked if he told the truth '' ?,HUM,ind,3,2311
when did they canonize the bible ?,NUM,date,5,2842
who is the french literary charcter who is chiefly famous for his enormous nose ?,HUM,ind,3,4195
what film dramatized the scopes monkey trial ?,ENTY,cremat,2,2949
what was the name of randy craft 's lawyer ?,HUM,ind,3,3907
what is shirley maclaine known as ?,ENTY,termeq,2,3789
what baseball expression came from the nautical term for ships sailing between the atlantic and pacific before the panama canal ?,DESC,desc,1,2270
what impenetrable system of french fortifications was built along the german frontier before world war ii ?,ENTY,other,2,4586
how many athletes did puerto rico enter in the 1984 winter olympics ?,NUM,count,5,5439
what is the origin of the christmas tree ?,DESC,desc,1,2822
what film opens with an assassin tumbling from the seattle space needle ?,ENTY,cremat,2,3635
how does rabies spread ?,DESC,manner,1,2107
"what anesthetic did queen victoria allow to be used for the birth of her seventh child , in 1853 ?",ENTY,dismed,2,3094
where on the internet can i get information about the fifth amendment on the american bill of rights ?,LOC,other,4,561
what bread company used to feature stickers of the cisco kid on the ends of their packages ?,HUM,gr,3,2780
what is the word for love of pain or abuse ?,ENTY,word,2,2841
what diminutive american female gymnast stole the show at the 1984 olympics ?,HUM,ind,3,252
what democratic prankster waved the train out of the station while richard nixon spoke from the caboose ?,HUM,ind,3,4212
what sport does chris jogis play ?,ENTY,sport,2,4736
what sprawling u.s. state boasts the most airports ?,LOC,state,4,16
what is a fear of being alone ?,ENTY,dismed,2,587
what is nicholas cage 's profession ?,HUM,title,3,4070
who did jackie kennedy commission to write the death of a president ?,HUM,ind,3,1106
how does general mills manufacture cheerios ?,DESC,manner,1,4780
what `` marvelous '' major-league baseball player is now a spokesman for a beer company ?,HUM,ind,3,2612
how many shillings more than 2 were there in a guinea ?,NUM,count,5,1584
what is the brand name of a chemical used to control ripening ?,ENTY,product,2,3157
"what day is august 13 , 1971 ?",NUM,date,5,1179
how do you box train a cat ?,DESC,manner,1,2683
what was the name of the `` little rascals '' dog ?,ENTY,animal,2,142
woodrow wilson served as president of what university ?,HUM,gr,3,703
what did thomas paine write ?,ENTY,cremat,2,3248
who do herb and tootsie live next door to ?,HUM,ind,3,65
who gave us the `` rolling writer '' ?,HUM,ind,3,5132
what is the name of the city that maurizio pellegrin lives in ?,LOC,city,4,180
who holds the career record for the most major league home runs ?,HUM,ind,3,2975
what sport is played on the largest field ?,ENTY,sport,2,1478
what british prime minister and u.s. president were seventh cousins once-removed ?,HUM,ind,3,4716
which city in canada is the least-populated ?,LOC,city,4,1511
what province is edmonton located in ?,LOC,state,4,1049
what are the requirements for becoming a citizen of australia ?,DESC,desc,1,3329
what is a hormone ?,DESC,def,1,5126
which of the five senses develops first ?,ENTY,other,2,4546
what is dick clark 's date of birth ?,NUM,date,5,2416
what is the largest city in the world ?,LOC,city,4,2261
what was the longest war in u.s. history ?,ENTY,event,2,4386
how do plants make food ?,DESC,manner,1,4289
what 's the name of the wilkes plantation in gone with the wind ?,LOC,other,4,3542
how tall was the animated king kong ?,NUM,dist,5,4641
what city is served by tempelhol airport ?,LOC,city,4,3409
who 's the only man to have won the olympic decathlon twice ?,HUM,ind,3,1915
what format was the major competition of vhs ?,ENTY,other,2,4571
how much is clara peller being paid by wendy 's to say `` where 's the beef '' ?,NUM,money,5,2285
what does the abbreviation oas stand for ?,ABBR,exp,0,3739
what is the longest place name in the u.s. ?,LOC,other,4,758
who found hawaii ?,HUM,ind,3,4104
what country is the origin of the band the creeps ?,LOC,country,4,2934
who was the first woman golfer to earn a million ?,HUM,ind,3,340
what film had bette davis creating a scandal by wearing a daring red gown to a society ball ?,ENTY,cremat,2,2771
why does a woman have to be a virgin to be a nun ?,DESC,reason,1,3768
what is goulash ?,DESC,def,1,4614
how many types of dogs ' tails are there - three,NUM,count,5,403
what was the killer whale who died at sea world of a fungal infection named ?,ENTY,animal,2,4830
how can you define time ?,DESC,def,1,3785
what actor dressed up as santa claus and had a once-a-year affair with actress shelley winters every christmas for many years ?,HUM,ind,3,1621
what state has the longest great lakes shoreline ?,LOC,state,4,1675
what broadway musical was inspired by cervantes 's don quixote ?,ENTY,cremat,2,144
what are the nordic nations ?,LOC,country,4,560
when was nostradamus born ?,NUM,date,5,5150
what country boasts the most dams ?,LOC,country,4,1688
what happens to used motor oil ?,DESC,desc,1,3172
how do you do a bibliography page ?,DESC,manner,1,3847
what is the kashmir issue ?,DESC,def,1,60
"where is natchitoches , louisiana ?",LOC,other,4,3398
why are electric cars less efficient in the northeast than in california ?,DESC,reason,1,879
what country is the largest diamond producer ?,LOC,country,4,4108
what is a fear of punishment ?,ENTY,dismed,2,2587
"on average , how long time does it take to type a screenplay ?",NUM,period,5,2592
how many people die from tuberculosis each year ?,NUM,count,5,3917
what is the one thing you need before you can purchase life insurance ?,ENTY,other,2,2123
which of the following rock 'n roll stars has a `` star '' on hollywood boulevard ?,HUM,ind,3,1573
what are tourist attractions in reims ?,LOC,other,4,1111
what is a technique popularly used to detect birth defects ?,ENTY,techmeth,2,3261
"what celestial body has a diameter of 864 , 000 miles ?",LOC,other,4,3457
what author was appointed u.s. ambassador to spain in 1842 ?,HUM,ind,3,4274
who are cartoondom 's super six ?,HUM,gr,3,5163
how many calories are in a tomato ?,NUM,count,5,1147
who made the rotary engine automobile ?,HUM,gr,3,5253
what is the largest shopping mall in the world ?,LOC,other,4,1438
what 's the second-lightest element ?,ENTY,substance,2,1319
what percentage of the body is muscle ?,NUM,perc,5,605
what tv sitcom character had the maiden name ethel potter ?,HUM,ind,3,490
what horse did zorro ride ?,ENTY,animal,2,765
what letter adorns the flag of rwanda ?,ENTY,letter,2,1426
what is one of the cities that the university of minnesota is located in ?,LOC,city,4,1282
what 's the only east european country not tied to the ruble ?,LOC,country,4,3786
name the u.s. senate majority leader and the speaker of the house .,HUM,ind,3,4844
how many rows of sprocket holes does a roll of 35-millimeter film have ?,NUM,count,5,1307
what are the statistics for drunken drivers in maryland ?,NUM,other,5,3353
why does a candle go out when we blow on it ?,DESC,reason,1,3987
how can i get someone 's email address ?,DESC,manner,1,4177
how many spaces follow a period at the end of a sentence ?,NUM,count,5,3294
what 's the most commonly-spoken language in belgium ?,ENTY,lang,2,473
what do you call a section of your finger from one joint to another ?,ENTY,termeq,2,5313
what can you be fined for having a dog on a beach ?,NUM,money,5,1416
who is the director and editor of the movie big starring tom hanks ?,HUM,ind,3,4325
who founded the modern theory of probability ?,HUM,ind,3,3696
what sports event is meyer wolfsheim supposed to have fixed in the great gatsby ?,ENTY,sport,2,942
how do you determine if a computer monitor has an svga adapter ?,DESC,manner,1,2831
what category does the color pink denote in the trivial pursuit baby boomer edition ?,DESC,def,1,4980
how did super president gain his powers on the animated series ?,DESC,manner,1,4640
who is the leader of brunei ?,HUM,ind,3,4350
what does each of the utilities cost in monopoly ?,NUM,money,5,1395
kosovo is a province of what country ?,LOC,state,4,3909
how do ouija boards work ?,DESC,manner,1,764
how do you get a broken cork out of a bottle ?,DESC,manner,1,766
what continent 's second-highest peak is mont blanc ?,LOC,mount,4,5346
what 's approaching when a cyclist shouts : `` oil '' ?,ENTY,other,2,594
when did the chernobyl nuclear accident occur ?,NUM,date,5,3904
"what former royal palace has served as a granary , prison , arsenal , leper colony , mint , telegraph station and whorehouse before becoming an art museum ?",LOC,other,4,2486
when was the bill of rights ratified ?,NUM,date,5,2154
what is the origin of the word ozymandias ?,DESC,desc,1,1914
how long does it take to hike the entire appalachian trail ?,NUM,period,5,2801
when is the thai new year ?,NUM,date,5,2823
who is prince naseem hamed ?,HUM,desc,3,3971
what was the man 's name who was killed in a duel with aaron burr ?,HUM,ind,3,3406
what is mandibulofacial dysostosis ?,DESC,def,1,3136
what is the origin of the name ` scarlett ' ?,DESC,desc,1,25
what is the shape of a football as stated in the nfl rulebook ?,ENTY,other,2,5358
what are hook worms ?,DESC,def,1,164
what was the name of the movie that starred sharon stone and arnold schwarzenegger ?,ENTY,cremat,2,635
who was the last woman executed in england ?,HUM,ind,3,3956
what gaming devices were dubbed `` mississippi marbles '' and `` memphis dominoes '' ?,ENTY,other,2,365
what ocean is the largest in the world ?,LOC,other,4,355
which is the most-used computer program ?,ENTY,cremat,2,2448
what is nuclear proliferation ?,DESC,def,1,5153
how many years did shea & gould practice law in los angeles ?,NUM,count,5,2210
why are haunted houses popular ?,DESC,reason,1,1489
how tall is the matterhorn ?,NUM,dist,5,4440
when was the first wall street journal published ?,NUM,date,5,198
what woman was time 's man of the year for 1952 ?,HUM,ind,3,4628
how do you use `` farther '' as opposed to `` further '' ?,DESC,manner,1,2808
how many years ago did led zeppelin release its last album ?,NUM,count,5,1776
what is linux ?,DESC,def,1,4411
where does the u.s. rank among world countries in area ?,NUM,ord,5,4333
what species was winnie the pooh ?,ENTY,animal,2,5142
what are the top 5 fiction books of all time ?,ENTY,cremat,2,3570
what is the difference between a median and a mean ?,DESC,desc,1,923
"what california bridge was don brown the first to cross , on may 27 , 1937 ?",LOC,other,4,4074
what is the meaning of jesus ?,DESC,def,1,96
name the two blob members of the animated herculoids .,HUM,ind,3,2234
what was the minimum wage in 1991 ?,NUM,money,5,4669
what tv character sired a horse named thunder ?,HUM,ind,3,3431
what does an irate car owner call iron oxide ?,ENTY,termeq,2,1357
"what was the non-fiction best-seller of 1952 , 1953 and 1954 ?",ENTY,cremat,2,2866
what year did montana become a state ?,NUM,date,5,4706
which is the best opening move in chess ?,ENTY,other,2,3927
what dynasty star made her 2th century-fox debut in the virgin queen ?,HUM,ind,3,2388
what does the abbreviation aids stand for ?,ABBR,exp,0,31
how many grooves are on a dime ?,NUM,count,5,2354
what is the name of the highest mountain in africa ?,LOC,mount,4,4086
how many people watch network television ?,NUM,count,5,2792
"what 's the meaning of the latin battle cry : ad arma , ad arma .",DESC,def,1,258
the orange bowl is located in what city ?,LOC,city,4,2170
what is the recommended daily requirement for folic acid for pregnant women ?,DESC,desc,1,2948
why does a candle need a wick ?,DESC,reason,1,1853
who wrote the godfather ?,HUM,ind,3,4733
what is the largest island in the mediterranean sea ?,LOC,other,4,3750
what is the movie jonathan livingstone seagull ?,ENTY,cremat,2,4048
what is a fear of weakness ?,ENTY,dismed,2,441
which medium is hamblen the first singing cowboy in ?,ENTY,cremat,2,5124
what has to be produced in a writ of habeas corpus ?,ENTY,other,2,4317
who was the first person inducted into the u.s. swimming hall of fame ?,HUM,ind,3,974
who portrayed `` rosanne rosanna-dana '' on the television show `` saturday night live '' ?,HUM,ind,3,1000
what is graduate school ?,DESC,def,1,1251
where can i find a `` fifth element '' screensaver ?,LOC,other,4,328
"what desert country borders saudi arabia , iraq and the persian gulf ?",LOC,country,4,2745
what is the use of a 24-hour clock instead of a 12-hour clock ?,DESC,desc,1,390
who was the famous door-to-door brush salesman ?,HUM,ind,3,1100
what is the acreage of the chappellet vineyard ?,NUM,volsize,5,227
what direction do the best surfing beaches face ?,LOC,other,4,4208
what caribbean island is sometimes called little england ?,LOC,other,4,1868
what is the largest variety of cactus ?,DESC,def,1,1695
who sought to create the great society ?,HUM,ind,3,1110
when did the royal wedding of prince andrew and fergie take place ?,NUM,date,5,204
how long would it take for a $ savings bond to mature ?,NUM,period,5,2905
what sign is the water carrier the zodiacal symbol for ?,ENTY,symbol,2,614
what 's the common name for a japanese dwarf tree ?,ENTY,termeq,2,3247
what chapter of gone with the wind has rhett butler leaving scarlett o 'hara ?,NUM,ord,5,4153
what nazi leader killed himself in jail just before he was to be executed as a war criminal ?,HUM,ind,3,1591
what does the river seine empty into ?,LOC,other,4,5391
what famous film and tv cowboy lent his name to a fast food chain ?,HUM,ind,3,3135
"where can i find all the information i need to know about the english civil war , 1642-1649 , ?",LOC,other,4,1476
how is bubble wrap made ?,DESC,manner,1,2963
where can i get a map of prussia on the internet ?,LOC,other,4,4385
who portrayed the title character in the film the day of the jackal ?,HUM,ind,3,4474
what would you add to the clay mixture to produce bone china ?,ENTY,substance,2,2344
"what is the longest chemical name , consisting of 35 letters ?",ENTY,other,2,2540
what south vietnamese president was assassinated by his generals in 1963 ?,HUM,ind,3,3702
what was the backup singing group for roy rogers ?,HUM,gr,3,1005
what african animals are known as the big five ?,ENTY,animal,2,1508
"what company started out making pies , and wound up manufacturing plastic throwing toys ?",HUM,gr,3,4558
what is the circumorbital hematoma ?,DESC,def,1,1552
what two us biochemists won the nobel prize in medicine in 1992 ?,HUM,ind,3,3468
what president became chief justice after his presidency ?,HUM,ind,3,4458
what four-legged creature did a cornell university study say would make man 's best companion in space ?,ENTY,animal,2,1046
who starred with charlie chaplin in modern times and the great dictator ?,HUM,ind,3,4311
what character did tex avery first create upon arriving at mgm ?,HUM,ind,3,1335
"why was washington , dc originally called district of columbia ?",DESC,reason,1,4294
how many jews were executed in concentration camps during wwii ?,NUM,count,5,18
what is a fear of water ?,ENTY,dismed,2,2199
who declared : `` i am down on whores and i shan 't stop ripping them '' ?,HUM,ind,3,373
what is a fear of thunder ?,ENTY,dismed,2,544
stuart hamblen is considered to be the first singing cowboy of what ?,ENTY,cremat,2,3688
who is luke skywalker 's father ?,HUM,ind,3,1514
what kenyan city is the safari center for east africa ?,LOC,city,4,1916
what is thalassemia ?,DESC,def,1,2550
what are the conjugations of wake and woke ?,ENTY,word,2,2641
what are maid-rites ?,DESC,def,1,475
what attorneys work for the center for the defense of free enterprise ?,HUM,ind,3,2414
what is a fear of children ?,ENTY,dismed,2,4051
how tall is the giraffe ?,NUM,dist,5,1620
how old is the italian artist maurizio pellegrin ?,NUM,period,5,3068
what is a bourdon tube ?,DESC,def,1,1612
what year did the first issue of `` playboy '' come out ?,NUM,date,5,2169
what 's distinctive about a palmiped 's feet ?,DESC,desc,1,4611
what plant has the largest seed ?,ENTY,plant,2,592
how long was the longest hiccup attack ?,NUM,period,5,1745
in what year did joe dimaggio compile his 56-game hitting streak ?,NUM,date,5,5405
what is latin for incompetent ?,ENTY,termeq,2,300
what japanese city was once called edo ?,LOC,city,4,4709
where can i find book reviews of `` turbulent souls '' ?,LOC,other,4,2299
what war was fought by the spanish as far as the philippines ?,ENTY,event,2,4097
how much money does each player get at the beginning of the game in monopoly ?,NUM,money,5,2403
"who came up with the name , el nino ?",HUM,ind,3,484
what is god ?,DESC,def,1,1428
what actor was the first man to appear on the cover of mccall 's ?,HUM,ind,3,5004
"in my antonia , how is mr. shimerda out of place on the farm ?",DESC,manner,1,4887
what 's the slowest olympic swimming stroke ?,ENTY,techmeth,2,239
how did jayne mansfield die ?,DESC,manner,1,203
what can i do to get into an ivy league school ?,DESC,desc,1,4930
what was the name of the u.s. 's first manned space program ?,ENTY,event,2,2317
what is digitalis ?,DESC,def,1,1965
where is the valley of the kings ?,LOC,other,4,2203
what is the definition of ` graphic details ' ?,DESC,def,1,1668
what new hampshire hamlet rises early to vote first in u.s. presidential elections ?,LOC,city,4,2791
what are the historical trials following world war ii called ?,ENTY,event,2,4983
how close a cousin was franklin d. to theodore roosevelt ?,DESC,manner,1,3343
who wrote ` hamlet ' ?,HUM,ind,3,2163
what u.s. state includes the san juan islands ?,LOC,state,4,5072
how does a glacier form ?,DESC,manner,1,2259
how can i search for a word within my own webpage ?,DESC,manner,1,5428
who was quetzalcoatl ?,HUM,desc,3,2957
what state does martha stewart live in ?,LOC,state,4,870
what did mr. magoo flog on tv for general electric ?,ENTY,other,2,1375
what are the chemicals used in glowsticks ?,ENTY,substance,2,936
what date is richard nixon 's birthday ?,NUM,date,5,2348
who was the first doctor to successfully transplant a liver ?,HUM,ind,3,3224
which infectious disease is the world 's deadliest ?,ENTY,dismed,2,4574
who was the architect of central park ?,HUM,ind,3,1547
what was the name of the protestant revolt against the supremacy of the pope ?,ENTY,event,2,1119
who makes the `` cross-your-heart bra '' ?,HUM,ind,3,4452
who won the first general election for president held in malawi in may 1994 ?,HUM,ind,3,5401
what is a fear of cholera ?,ENTY,dismed,2,2721
when will the millennium officially begin ?,NUM,date,5,1526
what u.s. general was court-martialled for criticizing american air power ?,HUM,ind,3,2308
what 's the setting of john le carre 's a small town in germany ?,DESC,desc,1,1921
what is magnetar ?,DESC,def,1,1718
which of the following celebrities was not born in philadelphia ?,HUM,ind,3,2937
"name the 5 words that use all of the letters in the alphabet , except q , with no repeats .",ENTY,word,2,3835
how many shots can a stock m16 hold ?,NUM,count,5,631
how do you get dates with the `` hooters '' girls ?,DESC,manner,1,1061
what kind of car did janis joplin ask the lord to buy her ?,ENTY,product,2,5344
what british tv series featured emma peel ?,ENTY,cremat,2,1026
what did the seven dwarfs do for a living ?,HUM,title,3,3023
what is michael jackson 's father 's name ?,HUM,ind,3,5305
what is nicholas cage 's occupation ?,HUM,title,3,1025
what new york city landmark has 168 steps to its crown ?,LOC,other,4,3114
"what is the origin of the word , jj .",DESC,desc,1,145
who was the 1st u.s. president ?,HUM,ind,3,4677
how much did the minimum wage amount to in 1991 ?,NUM,money,5,1035
what is widely used to detect birth defects ?,ENTY,other,2,5241
what happened in the long march ?,DESC,desc,1,1818
how many bytes are in a terabyte ?,NUM,count,5,3310
what is platinum ?,DESC,def,1,5387
how many web servers are there ?,NUM,count,5,2754
what is the quantity of american soldiers still unaccounted for from the vietnam war ?,NUM,other,5,409
what is a fear of disease ?,ENTY,dismed,2,1373
what was paper made of in the late 16th century ?,ENTY,substance,2,1967
what is larry king 's occupation ?,HUM,title,3,5159
what does a philatelist collect ?,ENTY,other,2,1540
how do microwaves work ?,DESC,manner,1,2941
what are the poconos ?,DESC,def,1,2546
what u.s. state is fort knox in ?,LOC,state,4,108
what term does a czech use to describe a pole ?,ENTY,termeq,2,1310
what company uses the unfamiliar faces of its celebrity spokespeople to promote the use of its product ?,HUM,gr,3,1994
what is the youngest age a boy or girl can have an orgasm ?,NUM,period,5,3154
"in waugh 's `` a handful of dust , '' what does the mad old man force the hero to do every afternoon ?",DESC,desc,1,2174
where do hyenas live ?,LOC,other,4,471
what does an average daycare provider get paid in new england ?,NUM,money,5,742
what city is graced by the arch of titus ?,LOC,city,4,5304
what newspaper returned a pulitzer prize for the fraudulent story jimmy 's world ?,ENTY,cremat,2,4854
what was the worst hurricane ?,ENTY,event,2,4343
where was richard nixon when gerald ford became president ?,LOC,other,4,1230
what are values ?,DESC,def,1,4642
what weapon is the mythological character apollo most proficient with ?,ENTY,other,2,50
what is sap ?,ABBR,exp,0,4258
what army was founded by william booth and his wife catherine ?,HUM,gr,3,578
what film ends with the line : `` this is mrs. norman maine '' ?,ENTY,cremat,2,2562
why do people get calluses ?,DESC,reason,1,68
what country was brian boru an 11th-century king of ?,LOC,country,4,2559
what 's the capital of taiwan ?,LOC,city,4,3403
what was the first tv set to include a remote control ?,ENTY,other,2,2391
what is the web address at which i can find the e-mail address of a member of the us house of representatives ?,LOC,other,4,4896
what percent liked thatcher after she had been in power for a decade ?,NUM,perc,5,759
what george harrison tune sounded too much like he 's so fine by the chiffons ?,ENTY,cremat,2,5282
what is the name of the country which hitler ruled ?,LOC,country,4,2050
what number of american soldiers remain unaccounted from the vietnam war ?,NUM,other,5,2356
where did honecker rule ?,LOC,other,4,1538
what is the difference between new york-style and chicago-style pizza ?,DESC,desc,1,1252
where does ray bradbury 's chronicles take place ?,LOC,other,4,1532
how many inches over six feet is tom selleck ?,NUM,count,5,4922
the trials resulting from world war ii are known as what ?,ENTY,event,2,3123
name the organization that is presided by a security council .,HUM,gr,3,645
where does dew come from ?,LOC,other,4,3756
what actor and actress have made the most movies ?,HUM,ind,3,4102
what erupts every hour at yellowstone national park ?,LOC,other,4,2984
what is the purpose of the sysrq key on my computer keyboard ?,DESC,reason,1,3376
what is in baby powder and baby lotion that makes it smell the way it does ?,DESC,reason,1,5341
what was the reason for the partition of the anglican and vatican churches ?,DESC,reason,1,3137
how can i get some free technical information on electric vehicle ?,DESC,manner,1,620
how does lightning travel ?,DESC,manner,1,2687
"what meter did shakespeare use in writing : `` to be , or not to be , that is the question.. . '' ?",ENTY,other,2,1306
what classical spanish writer warned : `` all that glitters is not gold '' ?,HUM,ind,3,793
what animal has been called the poor man 's cow ?,ENTY,animal,2,5087
what are the 7 wonders of the world ?,ENTY,other,2,2664
what man-made waterways is 1.76 miles long ?,LOC,other,4,3643
what are liver enzymes ?,DESC,def,1,9
in what year did the us marine corps adopt the motto `` semper fidelis '' ?,NUM,date,5,2082
which two products use a tiger as their symbol ?,ENTY,product,2,122
what does the channel espn stand for ?,ABBR,exp,0,3395
what was the name of betty boop 's dog ?,ENTY,animal,2,511
what is mark mcgwire 's e-mail address ?,LOC,other,4,4278
what movie has made the most money ?,ENTY,cremat,2,3280
what blood sport features a movement called a veronica ?,ENTY,sport,2,4506
"what european capital celebrated its 2 , 000th anniversary in 1951 ?",LOC,city,4,1137
who invented the game scrabble ?,HUM,ind,3,1755
what pulitzer prize-winning novelist ran for mayor of new york city ?,HUM,ind,3,2811
what presidential press secretary dismissed watergate as a third-rate burglary attempt ?,HUM,ind,3,1441
"who wrote the book , `` song of solomon '' ?",HUM,ind,3,2970
what group starred in the movie rock around the clock ?,HUM,gr,3,1767
what is a drought ?,DESC,def,1,3871
when did the art of quilting begin ?,NUM,date,5,5407
how can i determine the radius of an ellipse ?,DESC,manner,1,4485
what does a chiropodist treat ?,ENTY,dismed,2,3002
what year was the avery dennison company founded ?,NUM,date,5,4332
when was dick clark born ?,NUM,date,5,1158
what is the speed of the mississippi river ?,NUM,speed,5,465
what film was jude law in ?,ENTY,cremat,2,3210
what does `` philebus-like '' mean ?,DESC,def,1,5149
what is the name of the planet that the ewoks live on ?,LOC,other,4,4955
what sports magazine has the largest circulation ?,ENTY,cremat,2,3975
what peter blatty novel recounts the horrors of regan macneil 's possession by the devil ?,ENTY,cremat,2,2289
what asian country has a bill of rights for cows ?,LOC,country,4,781
"name the poet of the poem which begins : i do not know much about gods ; but i think that the river is a strong brown god-sullen , and untamed ?",HUM,ind,3,930
what 's the difference and advantages of selecting a super vhs vcr over plain vhs model ?,DESC,desc,1,2297
what does the name `` sheri '' mean ?,DESC,def,1,2417
what french designer declared : `` the jean is the destructor ! it is a dictator ! it is destroying creativity. the jean must be stopped ! '' ?,HUM,ind,3,1798
what is the exchange rate between england and the u.s. ?,NUM,money,5,2531
what percentage of children between the ages of two and eleven watch ` the simpsons ' ?,NUM,perc,5,1773
in what city is the headquarters of sinn fein ?,LOC,city,4,953
how did former wwf wrestler rick rude die ?,DESC,manner,1,4147
what is the origin of the peace symbol ?,DESC,desc,1,1766
what dictator has the nickname `` el maximo '' ?,HUM,ind,3,487
what are the top ten most common girl names in the us ?,HUM,ind,3,682
why are there olives in martinis ?,DESC,reason,1,1209
what is the origin of the word `` mushroom '' ?,DESC,desc,1,2936
why do eyes sometimes look red in photographs ?,DESC,reason,1,2645
what soft drink held a national flavor poll in 1967 ?,ENTY,food,2,5095
"in south korea , how many american soldiers are there ?",NUM,count,5,2917
who sang the song `` hooked on a feeling '' in the dancing baby episode of `` ally mcbeal '' ?,HUM,ind,3,3311
why are the u.s. presidential elections held in november ?,DESC,reason,1,2353
what german city do italians call the monaco of bavaria ?,LOC,city,4,1790
what caused harry houdini 's death ?,DESC,reason,1,234
who invented silly putty ?,HUM,ind,3,830
how do i tie dye clothes ?,DESC,manner,1,448
what should the oven be set at for baking peachy oat muffins ?,ENTY,other,2,1647
who created private detective philip marlowe ?,HUM,ind,3,841
what is a turnkey contract ?,DESC,def,1,4299
when was the ussr dissolved ?,NUM,date,5,4707
what did john hinckley do to impress jodie foster ?,DESC,desc,1,1145
how do you ask a total stranger out on a date ?,DESC,manner,1,49
who is barbara jordan ?,HUM,desc,3,773
what city 's theatrical district has been dubbed the roaring forties ?,LOC,city,4,5328
